Nom;Prix;Adresse;Image_URL
Scottish Fold;720000;Point E, Dakar, Sénégal;https://images.coinafrique.com/thumb_5673757_uploaded_image1_1765819078.jpg
Chaton;750000;Point E, Dakar, Sénégal;https://images.coinafrique.com/thumb_5673754_uploaded_image1_1765818969.jpg
Chaton Persan;650000;Point E, Dakar, Sénégal;https://images.coinafrique.com/thumb_5673747_uploaded_image1_1765818767.jpg
British Long Hair Blue;750000;Point E, Dakar, Sénégal;https://images.coinafrique.com/thumb_5673744_uploaded_image1_1765818608.jpg
Chaton;750000;Point E, Dakar, Sénégal;https://images.coinafrique.com/thumb_5673743_uploaded_image1_1765818498.jpg
Auqarium 110 litre et couple de tortue;50000;Dakar Plateau, Dakar, Sénégal;https://images.coinafrique.com/thumb_5672207_uploaded_image1_1765734200.jpg
Chatons;165000;Almadies 2, Dakar, Sénégal;https://images.coinafrique.com/thumb_5671561_uploaded_image1_1765674851.jpg
Perroquets rose gorge;40000;Point E, Dakar, Sénégal;https://images.coinafrique.com/thumb_5668046_uploaded_image1_1765474059.jpg
Taureau;2500000;Fatick, Sénégal;https://images.coinafrique.com/thumb_5634272_uploaded_image1_1763756384.jpg
Bœuf;650;Bambey, Sénégal;https://images.coinafrique.com/thumb_5632019_uploaded_image1_1763646437.jpg
Bœuf;725;Bambey, Sénégal;https://images.coinafrique.com/thumb_5632012_uploaded_image1_1763646301.jpg
Vache;350000;Patte d'oie, Dakar, Sénégal;https://images.coinafrique.com/thumb_5587581_uploaded_image1_1761220550.jpg
Bœufs;165000;Pikine, Sénégal;https://images.coinafrique.com/thumb_5577776_uploaded_image1_1760656718.jpg
Œuf à couver;165000;Sicap foire, Dakar, Sénégal;https://images.coinafrique.com/thumb_5570463_uploaded_image1_1760280696.jpg
Perroquets perruches ondulées;25000;Point E, Dakar, Sénégal;https://images.coinafrique.com/thumb_5560070_uploaded_image1_1759698099.jpg
Pintades;165000;Thies, Sénégal;https://images.coinafrique.com/thumb_5547215_uploaded_image1_1759069446.jpg
Grand Bouc Hijazi;1200;Saint Louis, Sénégal;https://images.coinafrique.com/thumb_5547149_uploaded_image1_1759064910.jpg
Chat Persan chinchilla;170000;Sicap Liberté, Dakar, Sénégal;https://images.coinafrique.com/thumb_5543922_uploaded_image1_1758835732.jpg
Taureau métis d'insémination;2500000;Fatick, Sénégal;https://images.coinafrique.com/thumb_5543760_uploaded_image1_1758829182.jpg
Taureau métis;2500000;Fatick, Sénégal;https://images.coinafrique.com/thumb_5538746_uploaded_image1_1758579115.jpg
Angora turc-chat;165000;Sicap Liberté, Dakar, Sénégal;https://images.coinafrique.com/thumb_5536029_uploaded_image1_1758435597.jpg
Calopsite élégante;75000;Point E, Dakar, Sénégal;https://images.coinafrique.com/thumb_5530646_uploaded_image1_1758128661.jpg
Chaton Chartreux;100000;Ouest Foire, Dakar, Sénégal;https://images.coinafrique.com/thumb_5523792_uploaded_image1_1757773181.jpg
Oies toulouse;165000;Fass, Dakar, Sénégal;https://images.coinafrique.com/thumb_5520138_uploaded_image1_1757590578.jpg
Cailles et œufs de caille;3000;Guediawaye, Dakar, Sénégal;https://images.coinafrique.com/thumb_5514762_uploaded_image2_1757337112.jpeg
Chats;165000;Almadies, Dakar, Sénégal;https://images.coinafrique.com/thumb_5512934_uploaded_image1_1757238653.jpg
Chat  siamois;165000;Almadies, Dakar, Sénégal;https://images.coinafrique.com/thumb_5512930_uploaded_image1_1757238545.jpg
Paon;165000;Thies, Sénégal;https://images.coinafrique.com/thumb_5506967_uploaded_image2_1756912377.jpeg
Chaton;35000;Mariste, Dakar, Sénégal;https://images.coinafrique.com/thumb_5504764_uploaded_image1_1756819478.jpg
Oie;40000;Dakar, Sénégal;https://images.coinafrique.com/thumb_5499869_uploaded_image1_1756556464.jpg
Lapin nain;165000;Dieuppeul-Derklé, Dakar, Sénégal;https://images.coinafrique.com/thumb_5493761_uploaded_image1_1756214626.jpg
Chat siamois;165000;Almadies, Dakar, Sénégal;https://images.coinafrique.com/thumb_5485800_uploaded_image1_1755771580.jpg
Chaton Ragdoll;950000;Dakar Plateau, Dakar, Sénégal;https://images.coinafrique.com/thumb_5482181_uploaded_image1_1755602298.jpg
Boeuf;165000;Niaga, Sénégal;https://images.coinafrique.com/thumb_5480837_uploaded_image1_1755523512.jpg
Boeuf;165000;Niaga, Sénégal;https://images.coinafrique.com/thumb_5480832_uploaded_image1_1755523426.jpg
Vache;850000;Rufisque, Sénégal;https://images.coinafrique.com/thumb_5479568_uploaded_image1_1755445038.jpg
Chaton Scottish;750000;Dakar Plateau, Dakar, Sénégal;https://images.coinafrique.com/thumb_5473342_uploaded_image1_1755076567.jpg
Chaton persan;400000;Dakar Plateau, Dakar, Sénégal;https://images.coinafrique.com/thumb_5473339_uploaded_image1_1755076399.jpg
Perroquets;60000;Point E, Dakar, Sénégal;https://images.coinafrique.com/thumb_5462432_uploaded_image1_1754495711.jpg
Bœuf;165000;Niaga, Sénégal;https://images.coinafrique.com/thumb_5454263_uploaded_image1_1754080085.jpg
Bœufs;550;Bambey, Sénégal;https://images.coinafrique.com/thumb_5452011_uploaded_image1_1753984227.jpg
Bœufs;650;Bambey, Sénégal;https://images.coinafrique.com/thumb_5452005_uploaded_image1_1753984088.jpg
Poulet et dinde;165000;Thies, Sénégal;https://images.coinafrique.com/thumb_5441026_uploaded_image1_1753445528.jpg
Bœuf;650;Bambey, Sénégal;https://images.coinafrique.com/thumb_5437295_uploaded_image1_1753284704.jpg
Chat Siamois;250000;HLM, Dakar, Sénégal;https://images.coinafrique.com/thumb_5435961_uploaded_image1_1753216346.jpg
Taureau;165000;Bambey, Sénégal;https://images.coinafrique.com/thumb_5427578_uploaded_image1_1752742760.jpg
Chatons;200000;Dakar Plateau, Dakar, Sénégal;https://images.coinafrique.com/thumb_5426216_uploaded_image1_1752670435.jpg
Tortue terrestre sulcata;165000;Dakar, Sénégal;https://images.coinafrique.com/thumb_5422356_uploaded_image1_1752488553.jpg
Hamster;15000;Dakar, Sénégal;https://images.coinafrique.com/thumb_5422322_uploaded_image1_1752487140.jpg
Taureaux;950000;Bambey, Sénégal;https://images.coinafrique.com/thumb_5419672_uploaded_image1_1752312673.jpg
Bœuf;625;Dakar, Sénégal;https://images.coinafrique.com/thumb_5401469_uploaded_image1_1751406897.jpg
Dindons et dindes;165000;Thies, Sénégal;https://images.coinafrique.com/thumb_5374129_uploaded_image1_1749898688.jpg
Poisson Aquarium;7500;Dakar, Sénégal;https://images.coinafrique.com/thumb_5370855_uploaded_image1_1749722665.jpg
Veau;6500000;Sicap Liberté, Dakar, Sénégal;https://images.coinafrique.com/thumb_5363603_uploaded_image1_1749256640.jpg
Dinde;30000;Thies, Sénégal;https://images.coinafrique.com/thumb_5350940_uploaded_image1_1748524952.jpg
Bouc;80000;Keur Massar, Sénégal;https://images.coinafrique.com/thumb_5350345_uploaded_image1_1748476176.jpg
Chaton;350000;Dakar Plateau, Dakar, Sénégal;https://images.coinafrique.com/thumb_5344588_uploaded_image1_1748177635.jpg
Chaton Angora turc;165000;Point E, Dakar, Sénégal;https://images.coinafrique.com/thumb_5341379_uploaded_image1_1747965234.jpg
Chatons;200000;Dakar Plateau, Dakar, Sénégal;https://images.coinafrique.com/thumb_5330509_uploaded_image1_1747360436.jpg
Perroquet Rose Gorge;50000;Point E, Dakar, Sénégal;https://images.coinafrique.com/thumb_5329928_uploaded_image1_1747330648.jpg
Cailles;165000;Thies, Sénégal;https://images.coinafrique.com/thumb_5321576_uploaded_image1_1746893786.jpg
Boeuf;350000;Bambey, Sénégal;https://images.coinafrique.com/thumb_5317378_uploaded_image1_1746698849.jpg
Chèvre race ndama;350000;Rufisque, Sénégal;https://images.coinafrique.com/thumb_5315130_uploaded_image1_1746566615.jpg
Vaches;325;Bambey, Sénégal;https://images.coinafrique.com/thumb_5308237_uploaded_image1_1746189283.jpg
Canards;7000;Hann Bel-Air, Dakar, Sénégal;https://images.coinafrique.com/thumb_5300877_uploaded_image1_1745779858.jpg
Cheval;165000;Ouakam, Dakar, Sénégal;https://images.coinafrique.com/thumb_5300026_uploaded_image1_1745701177.jpg
Chat Persan;450000;Point E, Dakar, Sénégal;https://images.coinafrique.com/thumb_5297087_uploaded_image1_1745527617.jpg
Couple pintades adultes;35000;Sicap foire, Dakar, Sénégal;https://images.coinafrique.com/thumb_5295025_uploaded_image1_1745431940.jpg
Chaton;375000;Fann, Dakar, Sénégal;https://images.coinafrique.com/thumb_5278827_uploaded_image1_1744477884.jpg
Chatons Siamois;150000;Ngor, Dakar, Sénégal;https://images.coinafrique.com/thumb_5275205_uploaded_image1_1744282516.jpg
Vaches Montbéliarde;900;Bambey, Sénégal;https://images.coinafrique.com/thumb_5262041_uploaded_image1_1743610261.jpg
Perroquets;60000;Point E, Dakar, Sénégal;https://images.coinafrique.com/thumb_5237101_uploaded_image1_1742244549.jpg
Chaton Scottish;500000;Fann, Dakar, Sénégal;https://images.coinafrique.com/thumb_5234859_uploaded_image1_1742137563.jpg
Boeuf;165000;Niaga, Sénégal;https://images.coinafrique.com/thumb_5231174_uploaded_image1_1741913580.jpg
Perroquet;60000;Point E, Dakar, Sénégal;https://images.coinafrique.com/thumb_5214349_uploaded_image1_1741104524.jpg
Chaton Angora;210000;Sacré-Coeur, Dakar, Sénégal;https://images.coinafrique.com/thumb_5213818_uploaded_image1_1741086286.jpg
Boeuf;550;Niaga, Sénégal;https://images.coinafrique.com/thumb_5205943_uploaded_image1_1740671058.jpg
Hamster;15000;Almadies 2, Dakar, Sénégal;https://images.coinafrique.com/thumb_5189132_uploaded_image1_1739782582.jpg
Canards mâles et femelles;165000;Thies, Sénégal;https://images.coinafrique.com/thumb_5185900_uploaded_image1_1739544627.jpg
Caille;15000;Keur Massar, Sénégal;https://images.coinafrique.com/thumb_5182728_uploaded_image1_1739380241.jpg
Boeuf;165000;Niaga, Sénégal;https://images.coinafrique.com/thumb_5179428_uploaded_image1_1739207935.jpg
Perroquet perruches ondulées;20000;Point E, Dakar, Sénégal;https://images.coinafrique.com/thumb_5138284_uploaded_image1_1737038687.jpg
Perroquets;15000;Thies, Sénégal;https://images.coinafrique.com/thumb_5125396_uploaded_image1_1736351628.jpg
Perruches ondulées;20000;Point E, Dakar, Sénégal;https://images.coinafrique.com/thumb_5103176_uploaded_image1_1734884464.jpg
Chaton;165000;Dakar Plateau, Dakar, Sénégal;https://images.coinafrique.com/thumb_5096028_uploaded_image2_1734447537.jpeg
Chaton Siamois;235000;Dakar Plateau, Dakar, Sénégal;https://images.coinafrique.com/thumb_5092278_uploaded_image1_1734215302.jpg
Poissons Aquarium;8500;Dakar, Sénégal;https://images.coinafrique.com/thumb_5068623_uploaded_image1_1732965550.jpg
Tortues terrestres;35000;Ouest Foire, Dakar, Sénégal;https://images.coinafrique.com/thumb_5066823_uploaded_image1_1732865161.jpg
Bœuf;800000;Mbao, Dakar, Sénégal;https://images.coinafrique.com/thumb_5054269_uploaded_image1_1732160455.jpg
Bœuf;800000;Mbao, Dakar, Sénégal;https://images.coinafrique.com/thumb_5054268_uploaded_image1_1732160128.jpg
Chat Persan;400000;Dakar Plateau, Dakar, Sénégal;https://images.coinafrique.com/thumb_5050095_uploaded_image1_1731948012.jpg
Bœufs;800000;Keur Massar, Sénégal;https://images.coinafrique.com/thumb_5042261_uploaded_image1_1731516188.jpg
Mondain;140000;Guediawaye, Dakar, Sénégal;https://images.coinafrique.com/thumb_5041931_uploaded_image1_1731508632.jpg
Himalayen;265000;Dakar Plateau, Dakar, Sénégal;https://images.coinafrique.com/thumb_5041105_uploaded_image1_1731466674.jpg
persan pure race;400000;Dakar Plateau, Dakar, Sénégal;https://images.coinafrique.com/thumb_5041103_uploaded_image1_1731467091.jpg
British et scottish pure race;650000;Dakar Plateau, Dakar, Sénégal;https://images.coinafrique.com/thumb_5041101_uploaded_image1_1731465886.jpg
Dindes;25000;Almadies 2, Dakar, Sénégal;https://images.coinafrique.com/thumb_5035473_uploaded_image1_1731162862.jpg
Bœuf;300000;Biscuiterie, Dakar, Sénégal;https://images.coinafrique.com/thumb_5022926_uploaded_image1_1730540052.jpg
Chaton de 1 mois;20000;Mariste, Dakar, Sénégal;https://images.coinafrique.com/thumb_5017864_uploaded_image1_1730286261.jpg
Caille;1500;Guediawaye, Dakar, Sénégal;https://images.coinafrique.com/thumb_5001807_uploaded_image1_1729346954.jpg
Couple dinde;165000;Guediawaye, Dakar, Sénégal;https://images.coinafrique.com/thumb_5001804_uploaded_image1_1729346440.jpg
Chat Siamois;170000;Point E, Dakar, Sénégal;https://images.coinafrique.com/thumb_4997392_uploaded_image2_1729102102.jpeg
Bœuf;700000;Keur Massar, Sénégal;https://images.coinafrique.com/thumb_4996496_uploaded_image1_1729075617.jpg
Boeuf;165000;Thies, Sénégal;https://images.coinafrique.com/thumb_4995019_uploaded_image1_1729000242.jpg
Tortue;35000;Hann Bel-Air, Dakar, Sénégal;https://images.coinafrique.com/thumb_4976748_uploaded_image1_1728036550.jpg
Bleus;165000;Sicap Liberté, Dakar, Sénégal;https://images.coinafrique.com/thumb_4974963_uploaded_image1_1727962840.jpg
Perroquet;399000;Sicap Liberté, Dakar, Sénégal;https://images.coinafrique.com/thumb_4967605_uploaded_image1_1727643698.jpg
Œufs de caille;4500;Mbour, Sénégal;https://images.coinafrique.com/thumb_4962446_uploaded_image1_1727306903.jpg
Cailles de chair;2500;Thies, Sénégal;https://images.coinafrique.com/thumb_4957482_uploaded_image1_1727090624.jpg
Chaton;50000;Dakar, Sénégal;https://images.coinafrique.com/thumb_4956743_uploaded_image1_1727042864.jpg
Pintade noire;800000;Hann Bel-Air, Dakar, Sénégal;https://images.coinafrique.com/thumb_4942157_uploaded_image1_1726204107.jpg
Chat;350000;Grand Dakar, Dakar, Sénégal;https://images.coinafrique.com/thumb_4928423_uploaded_image1_1725508257.jpg
Chatons;165000;Mariste, Dakar, Sénégal;https://images.coinafrique.com/thumb_4922546_uploaded_image1_1725269043.jpg
Poussins de canard;2500;Guediawaye, Dakar, Sénégal;https://images.coinafrique.com/thumb_4917429_uploaded_image1_1724966703.jpg
Dinde rouge Ardenne;165000;Guediawaye, Dakar, Sénégal;https://images.coinafrique.com/thumb_4917420_uploaded_image1_1724966404.jpg
Perroquets;50000;Point E, Dakar, Sénégal;https://images.coinafrique.com/thumb_4903200_uploaded_image1_1724163057.jpg
Poisson Aquarium;8500;Dakar Plateau, Dakar, Sénégal;https://images.coinafrique.com/thumb_4898597_uploaded_image1_1723887709.jpg
Bœufs;165000;Niaga, Sénégal;https://images.coinafrique.com/thumb_4895608_uploaded_image1_1723716978.jpg
Chatons persans chinchillas purs;550000;Sicap Liberté, Dakar, Sénégal;https://images.coinafrique.com/thumb_4888897_uploaded_image1_1723397770.jpg
Autruche;750000;Almadies 2, Dakar, Sénégal;https://images.coinafrique.com/thumb_4885138_uploaded_image1_1723173640.jpg
Œufs de caille;3000;Thies, Sénégal;https://images.coinafrique.com/thumb_4880858_uploaded_image1_1722971406.jpg
Œufs de caille;3000;Thies, Sénégal;https://images.coinafrique.com/thumb_4880849_uploaded_image1_1722971092.jpg
vache;165000;Niaga, Sénégal;https://images.coinafrique.com/thumb_4878570_uploaded_image1_1722874635.jpg
Vache;350000;Gassane, Sénégal;https://images.coinafrique.com/thumb_4864739_uploaded_image1_1722168896.jpg
Chaton hiamalayen;200000;Dakar Plateau, Dakar, Sénégal;https://images.coinafrique.com/thumb_4864117_uploaded_image1_1722115248.jpg
Siamois;200000;Yoff, Dakar, Sénégal;https://images.coinafrique.com/thumb_4855435_uploaded_image1_1721662817.jpg
Bœufs race Goudali;165000;Dakar, Sénégal;https://images.coinafrique.com/thumb_4853741_uploaded_image1_1721569594.jpg
Vache montbéliardes;2000000;Pikine, Sénégal;https://images.coinafrique.com/thumb_4851931_uploaded_image2_1721447498.jpeg
Perruche ondulée;15000;Dieuppeul-Derklé, Dakar, Sénégal;https://images.coinafrique.com/thumb_4846061_uploaded_image1_1721147785.jpg
Perruche ondulée;30000;Dieuppeul-Derklé, Dakar, Sénégal;https://images.coinafrique.com/thumb_4846053_uploaded_image1_1721147434.jpg
Perruches ondulées blanches;20000;Dieuppeul-Derklé, Dakar, Sénégal;https://images.coinafrique.com/thumb_4846024_uploaded_image1_1721146605.jpg
Persan pure race;500000;Dakar Plateau, Dakar, Sénégal;https://images.coinafrique.com/thumb_4818301_uploaded_image1_1719774491.jpg
Chatons Persan pure race;430000;Dakar Plateau, Dakar, Sénégal;https://images.coinafrique.com/thumb_4808981_uploaded_image1_1719268557.jpg
Scottish fold et scottish straight de race pure;700000;Dakar Plateau, Dakar, Sénégal;https://images.coinafrique.com/thumb_4808971_uploaded_image1_1719267956.jpg
Foin;4600;Keur Massar, Sénégal;https://images.coinafrique.com/thumb_4807500_uploaded_image1_1719210823.jpg
Paon;140000;Yoff, Dakar, Sénégal;https://images.coinafrique.com/thumb_4804686_uploaded_image1_1718999173.jpg
Chat scotish;750000;Dakar Plateau, Dakar, Sénégal;https://images.coinafrique.com/thumb_4803206_uploaded_image1_1718912151.jpg
Poussin dinde rouge;15000;Dakar, Sénégal;https://images.coinafrique.com/thumb_4794677_uploaded_image1_1718313441.jpg
Cochin Fauve;17500;Dakar, Sénégal;https://images.coinafrique.com/thumb_4794473_uploaded_image1_1718301841.jpg
Poussin Cochin disponible;17500;Dakar, Sénégal;https://images.coinafrique.com/thumb_4794466_uploaded_image1_1718301585.jpg
Chat persan;400000;Dakar Plateau, Dakar, Sénégal;https://images.coinafrique.com/thumb_4785131_uploaded_image1_1717786702.jpg
Vache laitière Montbéliarde;165000;Guediawaye, Dakar, Sénégal;https://images.coinafrique.com/thumb_4765247_uploaded_image1_1716841792.jpg
Chaton Scottish;450000;Dakar Plateau, Dakar, Sénégal;https://images.coinafrique.com/thumb_4755374_uploaded_image1_1716328455.jpg
Vaches Montbéliarde;165000;Pikine, Sénégal;https://images.coinafrique.com/thumb_4753936_uploaded_image1_1716257870.jpg
Vache Montbéliard et Holstein;165000;Rufisque, Sénégal;https://images.coinafrique.com/thumb_4753935_uploaded_image1_1716257776.jpg
Vache  Montbéliard Holstein;165000;Pikine, Sénégal;https://images.coinafrique.com/thumb_4753933_uploaded_image1_1716257630.jpg
Boeuf;800000;Kaolack, Sénégal;https://images.coinafrique.com/thumb_4752043_uploaded_image1_1716145974.jpg
3 chatons;165000;Mariste, Dakar, Sénégal;https://images.coinafrique.com/thumb_4751663_uploaded_image1_1716126912.jpg
Paon bleu;250000;Rufisque, Sénégal;https://images.coinafrique.com/thumb_4686441_uploaded_image1_1712838619.jpg
Perroquet inséparable;60000;Point E, Dakar, Sénégal;https://images.coinafrique.com/thumb_4724298_uploaded_image1_1714756962.jpg
Chat Siamois;300000;Almadies, Dakar, Sénégal;https://images.coinafrique.com/thumb_4723220_uploaded_image1_1714727016.jpg
Hamster;5000;Almadies, Dakar, Sénégal;https://images.coinafrique.com/thumb_4723216_uploaded_image1_1714726904.jpg
Cailles;165000;Touba, Sénégal;https://images.coinafrique.com/thumb_4701407_uploaded_image1_1713575328.jpg
Perruche;20000;Mamelles, Dakar, Sénégal;https://images.coinafrique.com/thumb_4701230_uploaded_image1_1713565518.jpg
Chaton;165000;Ngor, Dakar, Sénégal;https://images.coinafrique.com/thumb_4689687_uploaded_image1_1713000926.jpg
Bœufs;165000;Parcelle Assainies, Dakar, Sénégal;https://images.coinafrique.com/thumb_4679890_uploaded_image1_1712437211.jpg
Paire de perruches ondulées;40000;Mamelles, Dakar, Sénégal;https://images.coinafrique.com/thumb_4679396_uploaded_image1_1712411459.jpg
Vache brune;165000;Mbour, Sénégal;https://images.coinafrique.com/thumb_4664799_uploaded_image1_1711657831.jpg
Chatons;165000;Mariste, Dakar, Sénégal;https://images.coinafrique.com/thumb_4651939_uploaded_image1_1710967508.jpg
Couple perroquet  Roseicollis;60000;Point E, Dakar, Sénégal;https://images.coinafrique.com/thumb_4651651_uploaded_image1_1710951067.jpg
Canard Colvert;25000;Mariste, Dakar, Sénégal;https://images.coinafrique.com/thumb_4650420_uploaded_image1_1710887873.jpg
Chatons;165000;Point E, Dakar, Sénégal;https://images.coinafrique.com/thumb_4646165_uploaded_image1_1710686670.jpg
Chaton Himalayen;270000;Dakar Plateau, Dakar, Sénégal;https://images.coinafrique.com/thumb_4642742_uploaded_image1_1710476161.jpg
Cage avec 3  oiseaux;60000;Dakar, Sénégal;https://images.coinafrique.com/thumb_4640165_uploaded_image1_1710330525.jpg
Chaton Hymalayen Persan;270000;Dakar Plateau, Dakar, Sénégal;https://images.coinafrique.com/thumb_4639205_uploaded_image1_1710275204.jpg
Chat Brittish Shorthair;700000;Dakar Plateau, Dakar, Sénégal;https://images.coinafrique.com/thumb_4629619_uploaded_image1_1709768692.jpg
Chat Persan Chinchilla;400000;Dakar Plateau, Dakar, Sénégal;https://images.coinafrique.com/thumb_4623023_uploaded_image1_1709471973.jpg
Poussins de canards;3000;Guediawaye, Dakar, Sénégal;https://images.coinafrique.com/thumb_4619825_uploaded_image1_1709296934.jpg
Chaton;165000;Ngor, Dakar, Sénégal;https://images.coinafrique.com/thumb_4608863_uploaded_image1_1708712110.jpg
Chaton Siamois Hymalayen;240000;Dakar Plateau, Dakar, Sénégal;https://images.coinafrique.com/thumb_4593854_uploaded_image1_1707927839.jpg
Chaton Persan;400000;Dakar Plateau, Dakar, Sénégal;https://images.coinafrique.com/thumb_4592914_uploaded_image1_1707885493.jpg
Chaton Scottish Fold;750000;Dakar Plateau, Dakar, Sénégal;https://images.coinafrique.com/thumb_4571582_uploaded_image1_1706729320.jpg
Perroquet youyou;10000;Dieuppeul-Derklé, Dakar, Sénégal;https://images.coinafrique.com/thumb_4570755_uploaded_image2_1706701706.jpeg
Chaton Persan;400000;Dakar Plateau, Dakar, Sénégal;https://images.coinafrique.com/thumb_4569529_uploaded_image1_1706630955.jpg
Boeuf;600000;Mbao, Dakar, Sénégal;https://images.coinafrique.com/thumb_4568012_uploaded_image1_1706543950.jpg
Cochons d'inde;20000;Keur Massar, Sénégal;https://images.coinafrique.com/thumb_4555313_uploaded_image1_1705776199.jpg
Chaton Scotish Fold;750000;Fann, Dakar, Sénégal;https://images.coinafrique.com/thumb_4540889_uploaded_image1_1705029103.jpg
Chaton Persan;400000;Dakar, Sénégal;https://images.coinafrique.com/thumb_4540876_uploaded_image1_1705028116.jpg
Bœuf;165000;Diamalaye 2, Dakar, Sénégal;https://images.coinafrique.com/thumb_4534540_uploaded_image1_1704746080.jpg
Poissons aquarium;7000;Dakar Plateau, Dakar, Sénégal;https://images.coinafrique.com/thumb_4534116_uploaded_image2_1704727054.jpeg
Chatons Serval;1500000;Saint Louis, Sénégal;https://images.coinafrique.com/thumb_4517799_uploaded_image1_1703777941.jpg
Couple dinde;40000;Kolda, Sénégal;https://images.coinafrique.com/thumb_4506000_uploaded_image1_1702997150.jpg
Cochons;20000;Keur Massar, Sénégal;https://images.coinafrique.com/thumb_4503064_uploaded_image1_1702806770.jpg
Cochons;20000;Keur Massar, Sénégal;https://images.coinafrique.com/thumb_4503058_uploaded_image1_1702806558.jpg
Pintade;75000;Guediawaye, Dakar, Sénégal;https://images.coinafrique.com/thumb_4465594_uploaded_image1_1700505532.jpg
Perruche Anglaise;40000;Dieuppeul-Derklé, Dakar, Sénégal;https://images.coinafrique.com/thumb_4456172_uploaded_image1_1699885668.jpg
Perruches ondulées;15000;Dieuppeul-Derklé, Dakar, Sénégal;https://images.coinafrique.com/thumb_4456156_uploaded_image1_1699884359.jpg
Cailles;1500;Dakar, Sénégal;https://images.coinafrique.com/thumb_4454743_uploaded_image1_1699793813.jpg
Perruche ondulée;7000;Thies, Sénégal;https://images.coinafrique.com/thumb_4452994_uploaded_image1_1699659802.jpg
Paon;250000;Dakar, Sénégal;https://images.coinafrique.com/thumb_4451044_uploaded_image1_1699554808.jpg
Paon;65000;Yoff, Dakar, Sénégal;https://images.coinafrique.com/thumb_4435457_uploaded_image1_1698661056.jpg
Pintade;7000;Keur Massar, Sénégal;https://images.coinafrique.com/thumb_4412768_uploaded_image1_1697036744.jpg
Perroquet;50000;Point E, Dakar, Sénégal;https://images.coinafrique.com/thumb_4411374_uploaded_image1_1696959883.jpg
Oies de Toulouse;165000;Thies, Sénégal;https://images.coinafrique.com/thumb_4409000_uploaded_image1_1696840958.jpg
Dindes;30000;Guediawaye, Dakar, Sénégal;https://images.coinafrique.com/thumb_4408804_uploaded_image1_1696809535.jpg
Pintades;40000;Guediawaye, Dakar, Sénégal;https://images.coinafrique.com/thumb_4408799_uploaded_image1_1696809191.jpg
Veaux;450000;Pikine, Sénégal;https://images.coinafrique.com/thumb_4407653_uploaded_image1_1696730126.jpg
Chèvre;80000;Thies, Sénégal;https://images.coinafrique.com/thumb_4387674_uploaded_image1_1695430824.jpg
Chat Persan;650000;Point E, Dakar, Sénégal;https://images.coinafrique.com/thumb_4386249_uploaded_image1_1695340690.jpg
Dinde rouge pair;35000;Dakar, Sénégal;https://images.coinafrique.com/thumb_4381112_uploaded_image1_1695035479.jpg
Bœuf;450000;Dakar, Sénégal;https://images.coinafrique.com/thumb_4379382_uploaded_image1_1694875556.jpg
Chaton;165000;Ouest Foire, Dakar, Sénégal;https://images.coinafrique.com/thumb_4365267_uploaded_image1_1694000653.jpg
Taureau;320000;Rufisque, Sénégal;https://images.coinafrique.com/thumb_4335558_uploaded_image1_1692061499.jpg
Chaton Gimalayen Siamois;250000;Fann, Dakar, Sénégal;https://images.coinafrique.com/thumb_4333502_uploaded_image1_1691932427.jpg
Perruches ondulées;20000;Point E, Dakar, Sénégal;https://images.coinafrique.com/thumb_4331659_uploaded_image1_1691773285.jpg
Perroquets;60000;Point E, Dakar, Sénégal;https://images.coinafrique.com/thumb_4331654_uploaded_image1_1691772808.jpg
Cailles de chair;500;Colobane, Dakar, Sénégal;https://images.coinafrique.com/thumb_4327166_uploaded_image1_1691508551.jpg
Poussins d'autruche;50000;Bambey, Sénégal;https://images.coinafrique.com/thumb_4292496_uploaded_image1_1689236421.jpg
Chat tigré;60000;Rufisque, Sénégal;https://images.coinafrique.com/thumb_4290090_uploaded_image1_1689085062.jpg
Chat tigré;60000;Rufisque, Sénégal;https://images.coinafrique.com/thumb_4290086_uploaded_image1_1689084975.jpg
Canard;30000;Guediawaye, Dakar, Sénégal;https://images.coinafrique.com/thumb_4251761_uploaded_image1_1686479149.jpg
Autruche;40000;Bambey, Sénégal;https://images.coinafrique.com/thumb_4274068_uploaded_image1_1688027259.jpg
Chatons persans chinchilla golden shaded;500000;Sicap Liberté, Dakar, Sénégal;https://images.coinafrique.com/thumb_4268926_uploaded_image1_1687601650.jpg
Chat persan chinchilla blue golden shaded;650000;Sicap Liberté, Dakar, Sénégal;https://images.coinafrique.com/thumb_4268866_uploaded_image1_1687597344.jpg
Chat persan chinchilla golden shaded;500000;Sicap Liberté, Dakar, Sénégal;https://images.coinafrique.com/thumb_4268857_uploaded_image1_1687596952.jpg
Perruches ondulées;20000;Dieuppeul-Derklé, Dakar, Sénégal;https://images.coinafrique.com/thumb_4268218_uploaded_image1_1687536623.jpg
Oies;45000;Thies, Sénégal;https://images.coinafrique.com/thumb_4263743_uploaded_image1_1687283716.jpg
Poissons aquariums;7500;Dakar Plateau, Dakar, Sénégal;https://images.coinafrique.com/thumb_4258053_uploaded_image1_1686843939.jpg
Chaton;165000;Ouest Foire, Dakar, Sénégal;https://images.coinafrique.com/thumb_4254477_uploaded_image1_1686653757.jpg
Paon;165000;Yoff, Dakar, Sénégal;https://images.coinafrique.com/thumb_4250701_uploaded_image1_1686389684.jpg
Perruche;30000;Point E, Dakar, Sénégal;https://images.coinafrique.com/thumb_4236158_uploaded_image1_1685471000.jpg
Paon;400;Touba, Sénégal;https://images.coinafrique.com/thumb_4226444_uploaded_image1_1684797786.jpg
Poussins bleus hollandais;1500;Mbao, Dakar, Sénégal;https://images.coinafrique.com/thumb_4223952_uploaded_image1_1684611180.jpg
Chaton Siamois Himalayen;275000;Fann, Dakar, Sénégal;https://images.coinafrique.com/thumb_4215680_uploaded_image1_1684074328.jpg
Poissons aquarium;15000;Dakar Plateau, Dakar, Sénégal;https://images.coinafrique.com/thumb_4213007_uploaded_image1_1683888858.jpg
Cailles;7000;Touba, Sénégal;https://images.coinafrique.com/thumb_4208226_uploaded_image1_1683592423.jpg
Boeuf;600000;Bambey, Sénégal;https://images.coinafrique.com/thumb_4196106_uploaded_image1_1682881461.jpg
Perruches;30000;Hann Bel-Air, Dakar, Sénégal;https://images.coinafrique.com/thumb_4194617_uploaded_image1_1682759209.jpg
Perroquet;35000;Dakar, Sénégal;https://images.coinafrique.com/thumb_4185842_uploaded_image1_1682102205.jpg
Couple de perruches;14900;Thies, Sénégal;https://images.coinafrique.com/thumb_4180902_uploaded_image1_1681767382.jpg
Chaton siamois;240000;Sacré-Coeur, Dakar, Sénégal;https://images.coinafrique.com/thumb_4180282_uploaded_image1_1681738114.jpg
Dinde;45000;Touba, Sénégal;https://images.coinafrique.com/thumb_4170236_uploaded_image1_1681079402.jpg
Dindes;100000;Parcelle Assainies, Dakar, Sénégal;https://images.coinafrique.com/thumb_4169875_uploaded_image1_1681057517.jpg
Dindes;100000;Parcelle Assainies, Dakar, Sénégal;https://images.coinafrique.com/thumb_4169870_uploaded_image1_1681057188.jpg
Hamster doré;165000;Patte d'oie, Dakar, Sénégal;https://images.coinafrique.com/thumb_4169247_uploaded_image1_1680993460.jpg
Perroquet;20000;Dakar, Sénégal;https://images.coinafrique.com/thumb_4141464_uploaded_image1_1679320795.jpg
Canard colvert;32500;Almadies 2, Dakar, Sénégal;https://images.coinafrique.com/thumb_4141195_uploaded_image1_1679311407.jpg
Chatte persane himalayenne;200000;Dakar, Sénégal;https://images.coinafrique.com/thumb_4140736_uploaded_image1_1679260998.jpg
Oies;35000;Thies, Sénégal;https://images.coinafrique.com/thumb_4119270_uploaded_image2_1677889884.jpeg
Hamster dorée;15000;Sacré-Coeur, Dakar, Sénégal;https://images.coinafrique.com/thumb_4110101_uploaded_image1_1677403384.jpg
Chèvre sahelienne;180000;Mbour, Sénégal;https://images.coinafrique.com/thumb_4103018_uploaded_image1_1676929679.jpg
Chats siamois himalayen;300000;Thies, Sénégal;https://images.coinafrique.com/thumb_4102440_uploaded_image1_1676904996.jpg
Chaton angora;180000;Fann, Dakar, Sénégal;https://images.coinafrique.com/thumb_4102298_uploaded_image1_1676900131.jpg
Cheval;165000;Ouakam, Dakar, Sénégal;https://images.coinafrique.com/thumb_4092862_uploaded_image1_1676283623.jpg
Bœuf;600000;Bambey, Sénégal;https://images.coinafrique.com/thumb_4090572_uploaded_image1_1676111755.jpg
Oies;65000;Niaga, Sénégal;https://images.coinafrique.com/thumb_4064457_uploaded_image1_1674641302.jpg
Dinde;50000;Dakar, Sénégal;https://images.coinafrique.com/thumb_4060300_uploaded_image1_1674362008.jpg
Canards;20000;Dakar, Sénégal;https://images.coinafrique.com/thumb_4056116_uploaded_image1_1674103896.jpg
Dindons;175000;Dakar, Sénégal;https://images.coinafrique.com/thumb_4056115_uploaded_image1_1674103633.jpg
Perruches ondulées;7000;Hann Bel-Air, Dakar, Sénégal;https://images.coinafrique.com/thumb_4049517_uploaded_image1_1673696813.jpg
Boeuf;165000;Niaga, Sénégal;https://images.coinafrique.com/thumb_4047285_uploaded_image1_1673554118.jpg
Oies de garde;200000;Mbour, Sénégal;https://images.coinafrique.com/thumb_4033376_uploaded_image1_1672817271.jpg
Cheval;450000;Thies, Sénégal;https://images.coinafrique.com/thumb_4029054_uploaded_image1_1672496527.jpg
Jument;550000;Thies, Sénégal;https://images.coinafrique.com/thumb_4029052_uploaded_image1_1672496436.jpg
Vache;475;Niaga, Sénégal;https://images.coinafrique.com/thumb_4015081_uploaded_image1_1671456683.jpg
Perroquets Roseicollis;50000;Point E, Dakar, Sénégal;https://images.coinafrique.com/thumb_4006084_uploaded_image1_1670879833.jpg
Chaton Persan;400000;Fann, Dakar, Sénégal;https://images.coinafrique.com/thumb_4004300_uploaded_image1_1670782309.jpg
Chat persan hymalayen;350000;Ngor, Dakar, Sénégal;https://images.coinafrique.com/thumb_4002094_uploaded_image1_1670612752.jpg
Bœufs;600000;Bambey, Sénégal;https://images.coinafrique.com/thumb_4001249_uploaded_image1_1670577657.jpg
Bœufs;600000;Bambey, Sénégal;https://images.coinafrique.com/thumb_3991901_uploaded_image1_1670076562.jpg
Chèvre;50000;Dakar, Sénégal;https://images.coinafrique.com/thumb_3985611_uploaded_image1_1669761997.jpg
Perruches ondulées;12000;Guediawaye, Dakar, Sénégal;https://images.coinafrique.com/thumb_3968286_uploaded_image1_1668632770.jpg
Paon;450000;Touba, Sénégal;https://images.coinafrique.com/thumb_3956247_uploaded_image2_1667916424.jpeg
Dinde;35000;Touba, Sénégal;https://images.coinafrique.com/thumb_3956243_uploaded_image1_1667916312.jpg
Poissons aquarium;7500;Dakar Plateau, Dakar, Sénégal;https://images.coinafrique.com/thumb_3922652_uploaded_image1_1665918281.jpg
Anes;500000;Mbour, Sénégal;https://images.coinafrique.com/thumb_3916725_uploaded_image1_1665569939.jpg
Bœuf;700000;Mbour, Sénégal;https://images.coinafrique.com/thumb_3916720_uploaded_image1_1665569801.jpg
Paons bleus;400000;Mbour, Sénégal;https://images.coinafrique.com/thumb_3916692_uploaded_image1_1665568760.jpg
Chaton Scottish Fold;165000;Fann-Point E-Amitié, Dakar, Sénégal;https://images.coinafrique.com/thumb_3915043_uploaded_image1_1665477189.jpg
Cailles;2500;Ziguinchor, Sénégal;https://images.coinafrique.com/thumb_3905361_uploaded_image1_1664880986.jpg
Paon;50000;Yoff, Dakar, Sénégal;https://images.coinafrique.com/thumb_3901686_uploaded_image1_1664658095.jpg
Œufs;9000;Keur Massar, Sénégal;https://images.coinafrique.com/thumb_3862604_uploaded_image1_1662310160.jpg
Cobaye mâle;16000;Thies, Sénégal;https://images.coinafrique.com/thumb_3868453_uploaded_image1_1662603701.jpg
Vache;65000;Biscuiterie, Dakar, Sénégal;https://images.coinafrique.com/thumb_3850590_uploaded_image1_1661716395.jpg
Bœuf;165000;Niaga, Sénégal;https://images.coinafrique.com/thumb_3819174_uploaded_image1_1659877769.jpg
Bœuf;750000;Niaga, Sénégal;https://images.coinafrique.com/thumb_3817866_uploaded_image1_1659784836.jpg
Hamster dorée;15000;Sacré-Coeur, Dakar, Sénégal;https://images.coinafrique.com/thumb_3814562_uploaded_image1_1659613355.jpg
Vache;1000000;Bambey, Sénégal;https://images.coinafrique.com/thumb_3804681_uploaded_image1_1659094431.jpg
Peruche ondulée;10000;Dakar Plateau, Dakar, Sénégal;https://images.coinafrique.com/thumb_3803986_uploaded_image1_1659036881.jpg
Vache;165000;Niaga, Sénégal;https://images.coinafrique.com/thumb_3798116_uploaded_image1_1658707333.jpg
Cailles;100;Keur Massar, Sénégal;https://images.coinafrique.com/thumb_3797181_uploaded_image1_1658618385.jpg
Veau;300000;Biscuiterie, Dakar, Sénégal;https://images.coinafrique.com/thumb_3784229_uploaded_image1_1657796861.jpg
Hamster;15000;Sacré-Coeur, Dakar, Sénégal;https://images.coinafrique.com/thumb_3780966_uploaded_image1_1657566627.jpg
Couple Hamster;45000;Dakar, Sénégal;https://images.coinafrique.com/thumb_3779809_uploaded_image1_1657474571.jpg
Veaux;200000;Diamniadio, Sénégal;https://images.coinafrique.com/thumb_3775233_uploaded_image1_1657130525.jpg
Oiseaux exotiques;165000;Dakar, Sénégal;https://images.coinafrique.com/thumb_3773129_uploaded_image1_1657027947.jpg
Paire Oie;130000;Guediawaye, Dakar, Sénégal;https://images.coinafrique.com/thumb_3763969_uploaded_image1_1656542478.jpg
Canard;165000;Diamniadio, Sénégal;https://images.coinafrique.com/thumb_3761752_uploaded_image1_1656414791.jpg
Sacs de foin - Ngogne;5000;Saint Louis, Sénégal;https://images.coinafrique.com/thumb_3747916_uploaded_image1_1655548507.jpg
Couple cochons d'inde;25000;Sacré-Coeur, Dakar, Sénégal;https://images.coinafrique.com/thumb_3738425_uploaded_image1_1655026461.jpg
Vache;165000;Niaga, Sénégal;https://images.coinafrique.com/thumb_3734952_uploaded_image1_1654795966.jpg
Oie;65000;Niaga, Sénégal;https://images.coinafrique.com/thumb_3719072_uploaded_image1_1654007070.jpg
Perruches ondulées;12000;Guediawaye, Dakar, Sénégal;https://images.coinafrique.com/thumb_3693176_uploaded_image1_1652374886.jpg
Boeuf;165000;Niaga, Sénégal;https://images.coinafrique.com/thumb_3691179_uploaded_image1_1652274956.jpg
Hamster;15000;Mbao, Dakar, Sénégal;https://images.coinafrique.com/thumb_3689324_uploaded_image1_1652181532.jpg
Paire colverts de Rouen;15000;Mboro, Sénégal;https://images.coinafrique.com/thumb_3686752_uploaded_image1_1652029317.jpg
Chaton Angora;160000;Fann, Dakar, Sénégal;https://images.coinafrique.com/thumb_3681874_uploaded_image1_1651750026.jpg
Caille;2000;Sicap foire, Dakar, Sénégal;https://images.coinafrique.com/thumb_3679001_uploaded_image1_1651592167.jpg
Perroquet grand Haras;165000;Yoff, Dakar, Sénégal;https://images.coinafrique.com/thumb_3672216_uploaded_image2_1651097217.jpeg
Chaton siamois;375000;Fann, Dakar, Sénégal;https://images.coinafrique.com/thumb_3671821_uploaded_image1_1651072649.jpg
Boeufs;900000;Niaga, Sénégal;https://images.coinafrique.com/thumb_3651241_uploaded_image1_1649808275.jpg
Oie géant;450000;Mbour, Sénégal;https://images.coinafrique.com/thumb_3646953_uploaded_image1_1649560934.jpg
Boeuf;165000;Niaga, Sénégal;https://images.coinafrique.com/thumb_3645463_uploaded_image1_1649458129.jpg
Boeuf;165000;Niaga, Sénégal;https://images.coinafrique.com/thumb_3645462_uploaded_image1_1649458078.jpg
Chaton Angora;130000;Fann, Dakar, Sénégal;https://images.coinafrique.com/thumb_3634435_uploaded_image1_1648913898.jpg
Hamster;15000;Mbao, Dakar, Sénégal;https://images.coinafrique.com/thumb_3615764_uploaded_image1_1647715657.jpg
Cochons;15000;Mbour, Sénégal;https://images.coinafrique.com/thumb_3614166_uploaded_image1_1647608880.jpg
Taurillon laitier;1000000;Sicap Liberté, Dakar, Sénégal;https://images.coinafrique.com/thumb_3613432_uploaded_image1_1647552342.jpg
Chatons;400000;Fann, Dakar, Sénégal;https://images.coinafrique.com/thumb_3613416_uploaded_image1_1647551529.jpg
Caille;8000;Kaolack, Sénégal;https://images.coinafrique.com/thumb_3607957_uploaded_image1_1647266236.jpg
Poussin caille;500;Parcelle Assainies, Dakar, Sénégal;https://images.coinafrique.com/thumb_3576048_uploaded_image1_1645409801.jpg
Dinde mâle;20000;Dakar, Sénégal;https://images.coinafrique.com/thumb_3575899_uploaded_image1_1645394898.jpg
Poussins  d’oies;35000;Dakar, Sénégal;https://images.coinafrique.com/thumb_3569402_uploaded_image1_1644969388.jpg
Cheval;500000;Saint Louis, Sénégal;https://images.coinafrique.com/thumb_3569117_uploaded_image1_1644951974.jpg
Bœufs;900000;Bambey, Sénégal;https://images.coinafrique.com/thumb_3544114_uploaded_image1_1643467299.jpg
Jeune cheval;165000;Dakar, Sénégal;https://images.coinafrique.com/thumb_3526170_uploaded_image1_1642274663.jpg
Hamsters;15000;Mbao, Dakar, Sénégal;https://images.coinafrique.com/thumb_3525591_uploaded_image1_1642246209.jpg
Bouc Espagnol;150000;Louga, Sénégal;https://images.coinafrique.com/thumb_3523752_uploaded_image1_1642113362.jpg
Cochon dinde;45000;Thies, Sénégal;https://images.coinafrique.com/thumb_3520084_uploaded_image1_1641925340.jpg
Cochon dinde;45000;Thies, Sénégal;https://images.coinafrique.com/thumb_3520078_uploaded_image1_1641925243.jpg
Cochon dinde;45000;Thies, Sénégal;https://images.coinafrique.com/thumb_3520065_uploaded_image1_1641924846.jpg
Cheval;165000;Dakar, Sénégal;https://images.coinafrique.com/thumb_3515231_uploaded_image1_1641645085.jpg
Chat persan chinchilla;165000;Fann-Point E-Amitié, Dakar, Sénégal;https://images.coinafrique.com/thumb_3515163_uploaded_image1_1641642618.jpg
Bœufs;300000;Dieuppeul-Derklé, Dakar, Sénégal;https://images.coinafrique.com/thumb_3509381_uploaded_image1_1641354659.jpg
Hamster;15000;Mbao, Dakar, Sénégal;https://images.coinafrique.com/thumb_3502571_uploaded_image1_1640864798.jpg
Paon;350000;Mermoz-Sacré Coeur, Dakar, Sénégal;https://images.coinafrique.com/thumb_3500261_uploaded_image1_1640699224.jpg
Oies de toulouse;20000;Dakar, Sénégal;https://images.coinafrique.com/thumb_3496368_uploaded_image2_1640341893.jpeg
Bœuf;900000;Bambey, Sénégal;https://images.coinafrique.com/thumb_3492877_uploaded_image1_1640096405.jpg
Dindes;165000;Parcelle Assainies, Dakar, Sénégal;https://images.coinafrique.com/thumb_3474757_uploaded_image2_1638966967.jpeg
Chaton siamois;165000;Grand Dakar, Dakar, Sénégal;https://images.coinafrique.com/thumb_3450631_uploaded_image1_1637664547.jpg
Bœufs;165000;Louga, Sénégal;https://images.coinafrique.com/thumb_3448056_uploaded_image1_1637499860.jpg
Couple dinde rouge;90000;Dakar, Sénégal;https://images.coinafrique.com/thumb_3425196_uploaded_image1_1636231334.jpg
Canards;165000;Dakar, Sénégal;https://images.coinafrique.com/thumb_3422543_uploaded_image1_1636113502.jpg
Paire d'oie;100000;Thies, Sénégal;https://images.coinafrique.com/thumb_3418166_uploaded_image1_1635935843.jpg
Oies de toulouse;450000;Mbour, Sénégal;https://images.coinafrique.com/thumb_3413662_uploaded_image1_1635765247.jpg
Cailles;2000;Mermoz-Sacré Coeur, Dakar, Sénégal;https://images.coinafrique.com/thumb_3405018_uploaded_image1_1635264107.jpg
Perruches;165000;Guediawaye, Dakar, Sénégal;https://images.coinafrique.com/thumb_3395087_uploaded_image3_1634734337.jpeg
Trio de paon bleu;450000;Mbao, Dakar, Sénégal;https://images.coinafrique.com/thumb_3389732_uploaded_image1_1634436997.jpg
Paon bleu adulte;300000;Keur Massar, Sénégal;https://images.coinafrique.com/thumb_3372722_uploaded_image1_1633568000.jpg
Cailles;1500;Mermoz-Sacré Coeur, Dakar, Sénégal;https://images.coinafrique.com/thumb_3371486_uploaded_image1_1633522085.jpg
Bœuf;500000;Dakar, Sénégal;https://images.coinafrique.com/thumb_3369906_uploaded_image1_1633454163.jpg
Couple hermine;20000;Dakar, Sénégal;https://images.coinafrique.com/thumb_3369362_uploaded_image1_1633438173.jpg
Caille;2000;Mermoz-Sacré Coeur, Dakar, Sénégal;https://images.coinafrique.com/thumb_3360468_uploaded_image1_1633037043.jpg
Autruchon;300000;Guediawaye, Dakar, Sénégal;https://images.coinafrique.com/thumb_3357168_uploaded_image1_1632871377.jpg
Veaux;250000;Dieuppeul-Derklé, Dakar, Sénégal;https://images.coinafrique.com/thumb_3350491_uploaded_image1_1632436028.jpg
Taureaux Holstein;2500000;Dakar, Sénégal;https://images.coinafrique.com/thumb_3348822_uploaded_image1_1632352988.jpg
Géniteur Holstein;2200000;Dakar, Sénégal;https://images.coinafrique.com/thumb_3348819_uploaded_image1_1632352628.jpg
Carpe Koï;100000;Dakar Plateau, Dakar, Sénégal;https://images.coinafrique.com/thumb_3345713_uploaded_image1_1632222841.jpg
Chaton;40000;Almadies, Dakar, Sénégal;https://images.coinafrique.com/thumb_3341213_uploaded_image1_1631968364.jpg
Perruches;165000;Guediawaye, Dakar, Sénégal;https://images.coinafrique.com/thumb_3336754_uploaded_image1_1631736919.jpg
Veaux;250000;Dieuppeul-Derklé, Dakar, Sénégal;https://images.coinafrique.com/thumb_3335012_uploaded_image1_1631654129.jpg
502 Bad Gateway;165000;Adresse non renseignée;https://images.coinafrique.com/thumb_3330908_uploaded_image1_1631459213.jpg
Perruche;24000;Hann Bel-Air, Dakar, Sénégal;https://images.coinafrique.com/thumb_3321530_uploaded_image1_1631021949.jpg
Cailleteaux;400;Parcelle Assainies, Dakar, Sénégal;https://images.coinafrique.com/thumb_3319946_uploaded_image1_1630948417.jpg
Caille;2500;Parcelle Assainies, Dakar, Sénégal;https://images.coinafrique.com/thumb_3319937_uploaded_image1_1630948254.jpg
Veaux;165000;Dieuppeul-Derklé, Dakar, Sénégal;https://images.coinafrique.com/thumb_3318063_uploaded_image1_1630865928.jpg
Oie guinéen;100000;Dakar, Sénégal;https://images.coinafrique.com/thumb_3316816_uploaded_image1_1630785391.jpg
Oie gardien;90000;Dakar, Sénégal;https://images.coinafrique.com/thumb_3316810_uploaded_image1_1630785291.jpg
502 Bad Gateway;165000;Adresse non renseignée;https://images.coinafrique.com/thumb_3315646_uploaded_image1_1630745395.jpg
Vache;600000;Niaga, Sénégal;https://images.coinafrique.com/thumb_3287171_uploaded_image1_1629317948.jpg
502 Bad Gateway;165000;Adresse non renseignée;https://images.coinafrique.com/thumb_3287170_uploaded_image1_1629317800.jpg
Oies adultes;130000;Guediawaye, Dakar, Sénégal;https://images.coinafrique.com/thumb_3273490_uploaded_image1_1628621055.jpg
Taureau;450000;Parcelle Assainies, Dakar, Sénégal;https://images.coinafrique.com/thumb_3271377_uploaded_image1_1628524523.jpg
502 Bad Gateway;165000;Adresse non renseignée;https://images.coinafrique.com/thumb_3269989_uploaded_image1_1628451897.jpg
Taureau;740000;Dieuppeul-Derklé, Dakar, Sénégal;https://images.coinafrique.com/thumb_3263210_uploaded_image1_1628122860.jpg
Poisson aquarium;12000;Dakar Plateau, Dakar, Sénégal;https://images.coinafrique.com/thumb_3256827_uploaded_image1_1627902901.jpg
Chaton;165000;Mermoz-Sacré Coeur, Dakar, Sénégal;https://images.coinafrique.com/thumb_3254310_uploaded_image1_1627784670.jpg
Bœufs;740000;Dieuppeul-Derklé, Dakar, Sénégal;https://images.coinafrique.com/thumb_3253864_uploaded_image1_1627751756.jpg
Perruche ondulée;15000;Point E, Dakar, Sénégal;https://images.coinafrique.com/thumb_3243586_uploaded_image1_1627157324.jpg
Bœufs;165000;Dieuppeul-Derklé, Dakar, Sénégal;https://images.coinafrique.com/thumb_3240329_uploaded_image1_1626964752.jpg
Chatons 2 et 3 mois;165000;Grand Dakar, Dakar, Sénégal;https://images.coinafrique.com/thumb_3222114_uploaded_image1_1626003610.jpg
Perruches ondulées;20000;Point E, Dakar, Sénégal;https://images.coinafrique.com/thumb_3215371_uploaded_image1_1625676061.jpg
Oies;60000;Dakar, Sénégal;https://images.coinafrique.com/thumb_3172011_uploaded_image1_1623695650.jpg
Oies;60000;Dakar, Sénégal;https://images.coinafrique.com/thumb_3172006_uploaded_image1_1623695521.jpg
Cheval;450000;Pikine, Sénégal;https://images.coinafrique.com/thumb_3169679_uploaded_image1_1623583685.jpg
Cailles;165000;Touba, Sénégal;https://images.coinafrique.com/thumb_3169648_uploaded_image3_1623581190.jpeg
Couple dinde;165000;Touba, Sénégal;https://images.coinafrique.com/thumb_3169645_uploaded_image2_1623581040.jpeg
Dinde;165000;Touba, Sénégal;https://images.coinafrique.com/thumb_3165522_uploaded_image1_1623360382.jpg
Paonneau;165000;Mbao, Dakar, Sénégal;https://images.coinafrique.com/thumb_3164991_uploaded_image1_1623339895.jpg
Rat;165000;Almadies, Dakar, Sénégal;https://images.coinafrique.com/thumb_3156125_uploaded_image1_1622977662.jpg
Poisson vivant;165000;Yoff, Dakar, Sénégal;https://images.coinafrique.com/thumb_3140939_uploaded_image1_1622373784.jpg
Boeuf;800000;Bambey, Sénégal;https://images.coinafrique.com/thumb_3140204_uploaded_image1_1622308324.jpg
Oie géant;85000;Mbour, Sénégal;https://images.coinafrique.com/thumb_3133835_uploaded_image1_1621994387.jpg
Couple colvert;30000;Dakar, Sénégal;https://images.coinafrique.com/thumb_3127244_uploaded_image1_1621622446.jpg
Oiseaux exotiques;165000;Dakar, Sénégal;https://images.coinafrique.com/thumb_3119376_uploaded_image1_1621259652.jpg
Couple perruches ondulées;100000;Mermoz-Sacré Coeur, Dakar, Sénégal;https://images.coinafrique.com/thumb_3116528_uploaded_image1_1621091686.jpg
Vache;300000;HLM, Dakar, Sénégal;https://images.coinafrique.com/thumb_3095614_uploaded_image1_1620093462.jpg
Trio dindes d’amérique;65000;Mbao, Dakar, Sénégal;https://images.coinafrique.com/thumb_3092550_uploaded_image1_1619979240.jpg
Couple perruche arc en ciel;40000;Mermoz-Sacré Coeur, Dakar, Sénégal;https://images.coinafrique.com/thumb_3092218_uploaded_image1_1619966133.jpg
Taureau - géniteur laitier;2000000;Sicap Liberté, Dakar, Sénégal;https://images.coinafrique.com/thumb_3087054_uploaded_image1_1619718794.jpg
Chaton;165000;Almadies, Dakar, Sénégal;https://images.coinafrique.com/thumb_3054622_uploaded_image1_1618231466.jpg
Cheval;650000;Dakar, Sénégal;https://images.coinafrique.com/thumb_3053064_uploaded_image1_1618156860.jpg
Taureau géniteur laitier;2000000;Sicap Liberté, Dakar, Sénégal;https://images.coinafrique.com/thumb_3039728_uploaded_image1_1617557251.jpg
Oisillons;25000;Dakar, Sénégal;https://images.coinafrique.com/thumb_3026572_uploaded_image1_1617014695.jpg
Oie adulte;80000;Dakar, Sénégal;https://images.coinafrique.com/thumb_3025291_uploaded_image1_1616933629.jpg
Cheval;800000;Dakar, Sénégal;https://images.coinafrique.com/thumb_3012715_uploaded_image1_1616282777.jpg
Bœuf;425000;Guediawaye, Dakar, Sénégal;https://images.coinafrique.com/thumb_3012014_uploaded_image1_1616250290.jpg
Laor noir;35000;Mbour, Sénégal;https://images.coinafrique.com/thumb_3005811_uploaded_image1_1615937465.jpg
Porc;2500;Dakar, Sénégal;https://images.coinafrique.com/thumb_3004606_uploaded_image1_1615897391.jpg
Bœuf;165000;Dakar, Sénégal;https://images.coinafrique.com/thumb_2968890_uploaded_image1_1614172978.jpg
Chaton Angora turque;160000;Grand Dakar, Dakar, Sénégal;https://images.coinafrique.com/thumb_2966724_uploaded_image1_1614082274.jpg
Couple oie de toulouse adulte;85000;Mbour, Sénégal;https://images.coinafrique.com/thumb_2936871_uploaded_image1_1612659734.jpg
Perroquet Sénégal avec cage;35000;Ngor, Dakar, Sénégal;https://images.coinafrique.com/thumb_2930350_uploaded_image1_1612388040.jpg
Jument arabe;1500000;Kébémer, Sénégal;https://images.coinafrique.com/thumb_2924412_uploaded_image1_1612197584.jpg
Perruches - inséparables;12500;Parcelle Assainies, Dakar, Sénégal;https://images.coinafrique.com/thumb_2896567_uploaded_image1_1610914575.jpg
Dinde rouge;70000;Louga, Sénégal;https://images.coinafrique.com/thumb_2888081_uploaded_image1_1610544422.jpg
Chaton noir blanc;165000;Mamelles, Dakar, Sénégal;https://images.coinafrique.com/thumb_2886750_uploaded_image1_1610486302.jpg
Bouc race laitière;165000;Saly, Sénégal;https://images.coinafrique.com/thumb_2881915_uploaded_image1_1610303521.jpg
Canard Colvert;50000;Thies, Sénégal;https://images.coinafrique.com/thumb_2876451_uploaded_image1_1610052488.jpg
Chatons;165000;Grand Dakar, Dakar, Sénégal;https://images.coinafrique.com/thumb_2860327_uploaded_image1_1609342553.jpg
Veau;250000;HLM, Dakar, Sénégal;https://images.coinafrique.com/thumb_2856538_uploaded_image1_1609162542.jpg
Vache;550000;Bambey, Sénégal;https://images.coinafrique.com/thumb_2846588_uploaded_image1_1608636321.jpg
Chaton Angora Turc;100000;Dakar, Sénégal;https://images.coinafrique.com/thumb_2826620_uploaded_image1_1607777038.jpg
Dinde d'amérique;165000;Guediawaye, Dakar, Sénégal;https://images.coinafrique.com/thumb_2735977_uploaded_image1_1604436594.jpg
Vache;300000;Louga, Sénégal;https://images.coinafrique.com/thumb_2709747_uploaded_image1_1603289227.jpg
Canard;35000;Mamelles, Dakar, Sénégal;https://images.coinafrique.com/thumb_2703622_uploaded_image1_1603049550.jpg
Olpliitone 20 jours;15000;Dakar, Sénégal;https://images.coinafrique.com/thumb_2701057_uploaded_image1_1602937383.jpg
Âne Arabe;850000;Kébémer, Sénégal;https://images.coinafrique.com/thumb_2697117_uploaded_image1_1602773283.jpg
Bœufs;250000;Louga, Sénégal;https://images.coinafrique.com/thumb_2694722_uploaded_image1_1602689183.jpg
Bœufs;350000;Louga, Sénégal;https://images.coinafrique.com/thumb_2694720_uploaded_image1_1602689075.jpg
Bœufs;350000;Louga, Sénégal;https://images.coinafrique.com/thumb_2694719_uploaded_image1_1602688985.jpg
Vaches laitières;2000000;Mbour, Sénégal;https://images.coinafrique.com/thumb_2687649_uploaded_image1_1602441772.jpg
Chèvre Bouc de race;200000;Louga, Sénégal;https://images.coinafrique.com/thumb_2675855_uploaded_image1_1601992602.jpg
Bouc chèvre;100000;Diamniadio, Sénégal;https://images.coinafrique.com/thumb_2673741_uploaded_image2_1601909107.jpeg
Paon bleu;225000;Dakar, Sénégal;https://images.coinafrique.com/thumb_2663712_uploaded_image1_1601554766.jpg
Chatons;165000;Gorée, Dakar, Sénégal;https://images.coinafrique.com/thumb_2637004_uploaded_image1_1600508302.jpg
Oie;100000;Mbour, Sénégal;https://images.coinafrique.com/thumb_2630503_uploaded_image1_1600266971.jpg
Oiseau Maknol;165000;Kaffrine, Sénégal;https://images.coinafrique.com/thumb_2583338_uploaded_image1_1598650419.jpg
Oies;80000;Diourbel, Sénégal;https://images.coinafrique.com/thumb_2550824_uploaded_image1_1597673774.jpg
Vaches hollandaises;165000;Saint Louis, Sénégal;https://images.coinafrique.com/thumb_2434087_uploaded_image1_1594647765.jpg
Géniteur hollandais Holstein;1200000;Mboro, Sénégal;https://images.coinafrique.com/thumb_2430101_uploaded_image1_1594560513.jpg
Dindes;165000;Mbour, Sénégal;https://images.coinafrique.com/thumb_2421638_uploaded_image1_1594369039.jpg
Souris blanc;165000;Hann Bel-Air, Dakar, Sénégal;https://images.coinafrique.com/thumb_2407511_uploaded_image1_1594131854.jpg
Couples Paons;250000;Keur Massar, Sénégal;https://images.coinafrique.com/thumb_2394305_uploaded_image2_1593898972.jpeg
Chat blanc turc;150000;Mermoz-Sacré Coeur, Dakar, Sénégal;https://images.coinafrique.com/thumb_2388043_uploaded_image1_1593787521.jpg
Dinde;20000;Dakar, Sénégal;https://images.coinafrique.com/thumb_2351112_uploaded_image1_1593181120.jpg
Kittens / chatons;90000;Yoff, Dakar, Sénégal;https://images.coinafrique.com/thumb_2319268_uploaded_image1_1592689460.jpg
Perruches;165000;Point E, Dakar, Sénégal;https://images.coinafrique.com/thumb_2296024_uploaded_image1_1592332889.jpg
Oies;130000;Medina, Dakar, Sénégal;https://images.coinafrique.com/thumb_2281845_uploaded_image1_1592124037.jpg
Vache;165000;Dakar, Sénégal;https://images.coinafrique.com/thumb_2276153_uploaded_image1_1592008517.jpg
Oies;1000;Dakar, Sénégal;https://images.coinafrique.com/thumb_2275120_uploaded_image1_1591990153.jpg
Taureau Nélore;165000;Guediawaye, Dakar, Sénégal;https://images.coinafrique.com/thumb_2251055_uploaded_image1_1591656431.jpg
Chaton york chocolat;150000;Dakar, Sénégal;https://images.coinafrique.com/thumb_2240976_uploaded_image1_1591487576.jpg
Boeufs;600000;Bambey, Sénégal;https://images.coinafrique.com/thumb_2239779_uploaded_image1_1591466346.jpg
Poussins brahman et cochin;165000;Keur Massar, Sénégal;https://images.coinafrique.com/thumb_2230369_uploaded_image1_1591316836.jpg
Boeufs;165000;Dakar, Sénégal;https://images.coinafrique.com/thumb_2161624_uploaded_image1_1590236359.jpg
Bœuf élevage;750000;Guediawaye, Dakar, Sénégal;https://images.coinafrique.com/thumb_2147334_uploaded_image1_1590007941.jpg
Boeuf;165000;Fann, Dakar, Sénégal;https://images.coinafrique.com/thumb_2101700_uploaded_image1_1589308300.jpg
Boeuf;165000;Sicap Liberté, Dakar, Sénégal;https://images.coinafrique.com/thumb_2088141_uploaded_image1_1589099089.jpg
Chèvre Race Boer;650000;Patte d'oie, Dakar, Sénégal;https://images.coinafrique.com/thumb_2061898_uploaded_image1_1588694077.jpg
Chaton persan blanc;165000;Fann, Dakar, Sénégal;https://images.coinafrique.com/thumb_2052355_uploaded_image1_1588568181.jpg
Chaton persan chinchilla;165000;Fann, Dakar, Sénégal;https://images.coinafrique.com/thumb_2025374_uploaded_image1_1588119661.jpg
Boeuf;475;Dakar Plateau, Dakar, Sénégal;https://images.coinafrique.com/thumb_1998573_uploaded_image1_1587685670.89.jpeg
Chaton;165000;Fann, Dakar, Sénégal;https://images.coinafrique.com/thumb_1962491_uploaded_image1_1587134135.76.jpeg
Bœufs;165000;Diourbel, Sénégal;https://images.coinafrique.com/thumb_1954085_uploaded_image1_1587026162.65.jpeg
Vaches;165000;Diourbel, Sénégal;https://images.coinafrique.com/thumb_1935629_uploaded_image1_1586731094.02.png
Chaton Persan;165000;Fann, Dakar, Sénégal;https://images.coinafrique.com/thumb_1935403_uploaded_image1_1586726495.69.png
Perruches;165000;Fann, Dakar, Sénégal;https://images.coinafrique.com/thumb_1934309_uploaded_image1_1586712626.03.png
Chat Siamois;165000;Fann, Dakar, Sénégal;https://images.coinafrique.com/thumb_1899735_uploaded_image1_1586139854.78.png
Dindon rouge;30000;Mermoz-Sacré-Cœur, Dakar, Sénégal;https://images.coinafrique.com/thumb_1890125_uploaded_image1_1585933665.81.png
Chat siamois;350000;Dakar, Sénégal;https://images.coinafrique.com/thumb_1825906_uploaded_image2_1584739800.55.png
Bœuf;600000;Keur Massar, Sénégal;https://images.coinafrique.com/thumb_1606230_uploaded_image1_1581008311.59.png
Boeufs;750000;Tambacounda, Sénégal;https://images.coinafrique.com/thumb_1544433_uploaded_image1_1580089804.86.png
Couple de chèvre;165000;Dakar, Sénégal;https://images.coinafrique.com/thumb_1521675_uploaded_image1_1579700066.65.png
Vaches;275000;Rufisque, Sénégal;https://images.coinafrique.com/thumb_1500655_uploaded_image1_1579358078.9.png
Bœuf;700000;Saint Louis, Sénégal;https://images.coinafrique.com/thumb_1495773_uploaded_image1_1579276951.77.png
Dindes - canards et colverts;165000;Dakar, Sénégal;https://images.coinafrique.com/thumb_1490889_uploaded_image1_1579188174.8.png
Biscuit en poudre pour betail;4000;Patte d'oie, Dakar, Sénégal;https://images.coinafrique.com/thumb_1459836_uploaded_image1_1578670978.71.png
Perruches;165000;Point E, Dakar, Sénégal;https://images.coinafrique.com/thumb_1453837_uploaded_image1_1578583493.67.png
Perruches;165000;Point E, Dakar, Sénégal;https://images.coinafrique.com/thumb_1453830_uploaded_image1_1578583361.91.png
Perruches;165000;Mermoz-Sacré-Cœur, Dakar, Sénégal;https://images.coinafrique.com/thumb_1441558_uploaded_image1_1578406878.24.png
Oies toulouse;165000;Fass, Dakar, Sénégal;https://images.coinafrique.com/thumb_1428089_uploaded_image1_1578172839.3.png
Cheval;400000;Fatick, Sénégal;https://images.coinafrique.com/thumb_1421206_uploaded_image2_1578050744.82.png
Cheval;400000;Fatick, Sénégal;https://images.coinafrique.com/thumb_1421196_uploaded_image1_1578050637.48.png
Oies de guinée;165000;Thies, Sénégal;https://images.coinafrique.com/thumb_1417652_uploaded_image1_1577968881.34.png
Perruches;165000;Dakar, Sénégal;https://images.coinafrique.com/thumb_1395711_uploaded_image1_1577438640.7.png
Perruches;165000;Mermoz-Sacré-Cœur, Dakar, Sénégal;https://images.coinafrique.com/thumb_1395598_uploaded_image1_1577437294.33.png
Oiseaux exotiques;20000;Dakar, Sénégal;https://images.coinafrique.com/thumb_1393968_uploaded_image1_1577393598.45.png
Perruches;165000;Dakar, Sénégal;https://images.coinafrique.com/thumb_1389654_uploaded_image1_1577304861.89.png
Cailles;12000;Mermoz-Sacré-Cœur, Dakar, Sénégal;https://images.coinafrique.com/thumb_1376905_uploaded_image1_1577034747.91.png
Oies;165000;Fass, Dakar, Sénégal;https://images.coinafrique.com/thumb_1322739_uploaded_image1_1576006817.07.png
502 Bad Gateway;165000;Adresse non renseignée;https://images.coinafrique.com/thumb_1311792_uploaded_image1_1575817543.97.png
Paon bleu;165000;Parcelle Assainies, Dakar, Sénégal;https://images.coinafrique.com/thumb_1310387_uploaded_image1_1575790267.47.png
502 Bad Gateway;165000;Adresse non renseignée;https://images.coinafrique.com/thumb_1198114_uploaded_image1_1573729988.56.png
Boeuf;165000;Dakar, Sénégal;https://images.coinafrique.com/thumb_1129419_uploaded_image1_1572391697.86.png
Mouton ladoum pure sang;165000;Sénégal;https://images.coinafrique.com/thumb_1011139_uploaded_image1_1569950027.26.png
Oies  bourbonaises;50000;Thies, Sénégal;https://images.coinafrique.com/thumb_990474_uploaded_image1_1569491306.15.png
502 Bad Gateway;165000;Adresse non renseignée;https://images.coinafrique.com/thumb_931708_uploaded_image1_1568194736.45.png
Verrat de race Large white;200000;Sénégal;https://images.coinafrique.com/thumb_929881_uploaded_image1_1568141260.81.png
502 Bad Gateway;165000;Adresse non renseignée;https://images.coinafrique.com/thumb_917895_uploaded_image1_1567801722.96.png
Bœuf;400000;Guediawaye, Dakar, Sénégal;https://images.coinafrique.com/thumb_885779_uploaded_image2_1566997623.56.png
Poisson d'aquarium;35000;Sénégal;https://images.coinafrique.com/thumb_863425_uploaded_image1_1566425287.55.png
Perruches;165000;Sénégal;https://images.coinafrique.com/thumb_845280_uploaded_image1_1565952077.54.png
Carpe Koï Japonaise ( Aquarium);50000;Dakar-Plateau, Dakar, Sénégal;https://images.coinafrique.com/thumb_827220_uploaded_image1_1565349629.12.png
502 Bad Gateway;165000;Adresse non renseignée;https://images.coinafrique.com/thumb_751123_uploaded_image1_1563297186.25.png
