Détails;Prix;Adresse;Image_URL
Lapins;25000;Parcelle Assainies, Dakar, Sénégal;https://images.coinafrique.com/thumb_5693264_uploaded_image1_1766935865.jpg
Pigeons;170000;Dakar, Sénégal;https://images.coinafrique.com/thumb_5674944_uploaded_image1_1765881198.jpg
Pigeon King;60000;Mbao, Dakar, Sénégal;https://images.coinafrique.com/thumb_5669544_uploaded_image1_1765545674.jpg
Poulettes pré ponte de 124 jours;5000;Dakar, Sénégal;https://images.coinafrique.com/thumb_5655142_uploaded_image2_1764832679.jpeg
Poussin goliath;300;Thies, Sénégal;https://images.coinafrique.com/thumb_5648409_uploaded_image1_1764510412.jpg
Poulet Goliath;170000;Mbao, Dakar, Sénégal;https://images.coinafrique.com/thumb_5648319_uploaded_image1_1764504900.jpg
Pigeon Voyageur;20000;Rufisque, Sénégal;https://images.coinafrique.com/thumb_5642510_uploaded_image1_1764173213.jpg
Poule Brahman;170000;Keur Massar, Sénégal;https://images.coinafrique.com/thumb_5594420_uploaded_image1_1761683034.jpg
Femmel cailloute;30000;Mariste, Dakar, Sénégal;https://images.coinafrique.com/thumb_5587969_uploaded_image1_1761236540.jpg
Poule Brahman;170000;Keur Massar, Sénégal;https://images.coinafrique.com/thumb_5577027_uploaded_image1_1760621886.jpg
Lapin;170000;Guediawaye, Dakar, Sénégal;https://images.coinafrique.com/thumb_5572908_uploaded_image1_1760428902.jpg
Pigeons mondain;170000;Guediawaye, Dakar, Sénégal;https://images.coinafrique.com/thumb_5572903_uploaded_image1_1760428699.jpg
Couple  Mondain;130000;HLM, Dakar, Sénégal;https://images.coinafrique.com/thumb_5541428_uploaded_image1_1758715216.jpg
Pigeon;15000;Ouest Foire, Dakar, Sénégal;https://images.coinafrique.com/thumb_5521622_uploaded_image1_1757666321.jpg
Lapin;40000;Keur Massar, Sénégal;https://images.coinafrique.com/thumb_5514578_uploaded_image2_1757331557.jpeg
Pigeon Mondain;120000;Guediawaye, Dakar, Sénégal;https://images.coinafrique.com/thumb_5507608_uploaded_image1_1756942600.jpg
Pigeon Mondain;120000;Guediawaye, Dakar, Sénégal;https://images.coinafrique.com/thumb_5507606_uploaded_image1_1756942550.jpg
Pigeons;100000;Parcelle Assainies, Dakar, Sénégal;https://images.coinafrique.com/thumb_5458528_uploaded_image1_1754315737.jpg
Cochin caillouté;170000;Ouakam, Dakar, Sénégal;https://images.coinafrique.com/thumb_5497195_uploaded_image1_1756395052.jpg
Couples texans pionniers;40000;Ouakam, Dakar, Sénégal;https://images.coinafrique.com/thumb_5497183_uploaded_image1_1756394350.jpg
Couple Mondain;100000;Ouakam, Dakar, Sénégal;https://images.coinafrique.com/thumb_5497172_uploaded_image1_1756394052.jpg
Couple Manteau noir;15000;Ouakam, Dakar, Sénégal;https://images.coinafrique.com/thumb_5497155_uploaded_image1_1756393487.jpg
Pigeon culbtant volga;30000;Fatick, Sénégal;https://images.coinafrique.com/thumb_5497140_uploaded_image1_1756393034.jpg
Pigeon Lahore Levante;170000;Thies, Sénégal;https://images.coinafrique.com/thumb_5486667_uploaded_image1_1755797873.jpg
Pigeon Beauté Allemande;170000;Thies, Sénégal;https://images.coinafrique.com/thumb_5486666_uploaded_image1_1755797791.jpg
Lapin;35000;Almadies, Dakar, Sénégal;https://images.coinafrique.com/thumb_5465434_uploaded_image1_1754648894.jpg
Lapin Métis Californien;25000;Keur Massar, Sénégal;https://images.coinafrique.com/thumb_5437884_uploaded_image1_1753306013.jpg
Brahman herminé;170000;Keur Massar, Sénégal;https://images.coinafrique.com/thumb_5435588_uploaded_image1_1753200754.jpg
Poussins frisés;15000;Keur Massar, Sénégal;https://images.coinafrique.com/thumb_5430818_uploaded_image1_1752929676.jpg
Poussins brahma blanc herminé;25000;Dieuppeul-Derklé, Dakar, Sénégal;https://images.coinafrique.com/thumb_5414572_uploaded_image1_1752060211.jpg
Poussins brahmas importés;10000;Diamalaye 2, Dakar, Sénégal;https://images.coinafrique.com/thumb_5404325_uploaded_image1_1751544553.jpg
Poussins frisés;15000;Keur Massar, Sénégal;https://images.coinafrique.com/thumb_5402124_uploaded_image1_1751450050.jpg
Poussins frisés;15000;Keur Massar, Sénégal;https://images.coinafrique.com/thumb_5402120_uploaded_image1_1751449791.jpg
Coqs colorés;8000;Biscuiterie, Dakar, Sénégal;https://images.coinafrique.com/thumb_5394586_uploaded_image1_1751020727.jpg
Poulet pondeuses;170000;Mbour, Sénégal;https://images.coinafrique.com/thumb_5393356_uploaded_image1_1750945446.jpg
Lapins;170000;Thies, Sénégal;https://images.coinafrique.com/thumb_5384185_uploaded_image1_1750435313.jpg
Couple voyageur;15000;Mariste, Dakar, Sénégal;https://images.coinafrique.com/thumb_5381347_uploaded_image1_1750286641.jpg
Lapin Métis californien;15000;Keur Massar, Sénégal;https://images.coinafrique.com/thumb_5364052_uploaded_image1_1749295289.jpg
Poulet Padovani;45000;Louga, Sénégal;https://images.coinafrique.com/thumb_5353407_uploaded_image1_1748690625.jpg
Poussins Brahma;170000;Ouakam, Dakar, Sénégal;https://images.coinafrique.com/thumb_5352324_uploaded_image1_1748613214.jpg
Lapins Métis Californien;10000;Keur Massar, Sénégal;https://images.coinafrique.com/thumb_5350705_uploaded_image1_1748514803.jpg
Poulet;50000;Thies, Sénégal;https://images.coinafrique.com/thumb_5344600_uploaded_image1_1748179147.jpg
couple mondain adulte 2024;200000;Pikine, Sénégal;https://images.coinafrique.com/thumb_5337087_uploaded_image1_1747753115.jpg
Couple Braman Hermine;90000;Parcelle Assainies, Dakar, Sénégal;https://images.coinafrique.com/thumb_5329879_uploaded_image1_1747329681.jpg
Couple Braman Hermine;90000;Parcelle Assainies, Dakar, Sénégal;https://images.coinafrique.com/thumb_5329869_uploaded_image1_1747329370.jpg
Dindon;170000;Ouakam, Dakar, Sénégal;https://images.coinafrique.com/thumb_5323572_uploaded_image1_1747046013.jpg
Pigeon voyageur;170000;Ouakam, Dakar, Sénégal;https://images.coinafrique.com/thumb_5323552_uploaded_image1_1747045029.jpg
Pigeon King Indigo;170000;Sicap Liberté, Dakar, Sénégal;https://images.coinafrique.com/thumb_5321991_uploaded_image1_1746917494.jpg
Pigeon;30000;Thies, Sénégal;https://images.coinafrique.com/thumb_5290537_uploaded_image1_1745182886.jpg
Poule;25000;Dakar, Sénégal;https://images.coinafrique.com/thumb_5280953_uploaded_image1_1744629489.jpg
Lapin geant;170000;Keur Massar, Sénégal;https://images.coinafrique.com/thumb_5276799_uploaded_image1_1744362952.jpg
Barman;12500;Mbour, Sénégal;https://images.coinafrique.com/thumb_5276065_uploaded_image1_1744311662.jpg
Pigeon;170000;Dakar, Sénégal;https://images.coinafrique.com/thumb_5274182_uploaded_image1_1744216748.jpg
Pigeons;170000;Dakar, Sénégal;https://images.coinafrique.com/thumb_5274177_uploaded_image1_1744216637.jpg
Pigeons voyageurs;170000;Dakar, Sénégal;https://images.coinafrique.com/thumb_5274172_uploaded_image1_1744216429.jpg
Brahma columbia;170000;Parcelle Assainies, Dakar, Sénégal;https://images.coinafrique.com/thumb_5272290_uploaded_image1_1744128456.jpg
Pigeons de race;170000;Ouakam, Dakar, Sénégal;https://images.coinafrique.com/thumb_5258333_uploaded_image1_1743424345.jpg
Poulet local;3500;Patte d'oie, Dakar, Sénégal;https://images.coinafrique.com/thumb_5252650_uploaded_image1_1743037834.jpg
Pigeon;100000;Sicap Liberté, Dakar, Sénégal;https://images.coinafrique.com/thumb_5246700_uploaded_image1_1742737554.jpg
Pigeon Mondain;150000;Guediawaye, Dakar, Sénégal;https://images.coinafrique.com/thumb_5232372_uploaded_image1_1741970489.jpg
Lapin Métis Californien;25000;Keur Massar, Sénégal;https://images.coinafrique.com/thumb_5225208_uploaded_image1_1741633076.jpg
Coque Hermine;50000;Dakar, Sénégal;https://images.coinafrique.com/thumb_5202384_uploaded_image1_1740482590.jpg
Lapins métis californiens;10000;Keur Massar, Sénégal;https://images.coinafrique.com/thumb_5198096_uploaded_image1_1740225080.jpg
Lapin Californien;120000;Almadies 2, Dakar, Sénégal;https://images.coinafrique.com/thumb_5189123_uploaded_image1_1739781768.jpg
Pigeon voyageur;5000;Dakar Plateau, Dakar, Sénégal;https://images.coinafrique.com/thumb_5180652_uploaded_image1_1739276152.jpg
Poussin herminé;10000;Dakar, Sénégal;https://images.coinafrique.com/thumb_5179009_uploaded_image1_1739192841.jpg
Pigeon Mondain;150000;Guediawaye, Dakar, Sénégal;https://images.coinafrique.com/thumb_5121788_uploaded_image1_1736179154.jpg
Lapin;12000;Diamniadio, Sénégal;https://images.coinafrique.com/thumb_5119498_uploaded_image1_1736025924.jpg
Lapin;12000;Diamniadio, Sénégal;https://images.coinafrique.com/thumb_5119494_uploaded_image1_1736025705.jpg
Poussin Herminé;36000;Dakar, Sénégal;https://images.coinafrique.com/thumb_5107651_uploaded_image1_1735215733.jpg
Poussins;170000;Parcelle Assainies, Dakar, Sénégal;https://images.coinafrique.com/thumb_5104370_uploaded_image1_1734964382.jpg
Couple lahore lavande;30000;Patte d'oie, Dakar, Sénégal;https://images.coinafrique.com/thumb_5088564_uploaded_image1_1734010113.jpg
Pigeon Mondain;200000;Rufisque, Sénégal;https://images.coinafrique.com/thumb_5085521_uploaded_image1_1733851166.jpg
Poussin brahman;25000;Pikine, Sénégal;https://images.coinafrique.com/thumb_5080703_uploaded_image1_1733571477.jpg
Mondain noir;150000;Guediawaye, Dakar, Sénégal;https://images.coinafrique.com/thumb_5078519_uploaded_image1_1733444790.jpg
couple boulon saxe;45000;Mariste, Dakar, Sénégal;https://images.coinafrique.com/thumb_5069958_uploaded_image1_1733056070.jpg
Couple adulte métisses;35000;Pikine, Sénégal;https://images.coinafrique.com/thumb_5064256_uploaded_image1_1732714222.jpg
Poule Brahma;45000;Pikine, Sénégal;https://images.coinafrique.com/thumb_5044135_uploaded_image1_1731603018.jpg
Couple mantau écailles de 2 mois;15000;Mbour, Sénégal;https://images.coinafrique.com/thumb_5043101_uploaded_image1_1731565347.jpg
lapins mâle adulte;15000;Pikine, Sénégal;https://images.coinafrique.com/thumb_5000540_uploaded_image1_1729260478.jpg
Rex garenne;170000;Almadies 2, Dakar, Sénégal;https://images.coinafrique.com/thumb_4998472_uploaded_image1_1729159431.jpg
Pigeon pan indien;10000;Patte d'oie, Dakar, Sénégal;https://images.coinafrique.com/thumb_4996843_uploaded_image1_1729085675.jpg
Poule Brahma;170000;Parcelle Assainies, Dakar, Sénégal;https://images.coinafrique.com/thumb_4993341_uploaded_image1_1728920307.jpg
Couple lapins;15000;Pikine, Sénégal;https://images.coinafrique.com/thumb_4981240_uploaded_image1_1728309289.jpg
Lapins;15000;Grand Yoff, Dakar, Sénégal;https://images.coinafrique.com/thumb_4975768_uploaded_image1_1727986043.jpg
Coq;3000;Hann Bel-Air, Dakar, Sénégal;https://images.coinafrique.com/thumb_4975038_uploaded_image1_1727964716.jpg
Lapin;15000;Keur Massar, Sénégal;https://images.coinafrique.com/thumb_4966470_uploaded_image1_1727557573.jpg
Pigeon voyageur;170000;Mariste, Dakar, Sénégal;https://images.coinafrique.com/thumb_4946879_uploaded_image1_1726499763.jpg
Pigeon voyageur;15000;Mariste, Dakar, Sénégal;https://images.coinafrique.com/thumb_4946878_uploaded_image1_1726499637.jpg
Poulets Fermiers;10000;Hann Bel-Air, Dakar, Sénégal;https://images.coinafrique.com/thumb_4942161_uploaded_image1_1726204258.jpg
Pigeon voyageur;25000;Mariste, Dakar, Sénégal;https://images.coinafrique.com/thumb_4936241_uploaded_image1_1725920934.jpg
Poule Brahma;170000;Dakar, Sénégal;https://images.coinafrique.com/thumb_4936101_uploaded_image1_1725915391.jpg
couples lapins;15000;Pikine, Sénégal;https://images.coinafrique.com/thumb_4932369_uploaded_image1_1725702422.jpg
Pigeons Voyageurs  et boulants;170000;Dakar, Sénégal;https://images.coinafrique.com/thumb_4920745_uploaded_image1_1725167512.jpg
pigeon voyageur;170000;Guediawaye, Dakar, Sénégal;https://images.coinafrique.com/thumb_4917441_uploaded_image1_1724967120.jpg
Pigeon Boulant Gaditano;170000;Dakar, Sénégal;https://images.coinafrique.com/thumb_4884507_uploaded_image1_1723139531.jpg
Lapin nain;30000;Parcelle Assainies, Dakar, Sénégal;https://images.coinafrique.com/thumb_4865409_uploaded_image1_1722221284.jpg
Cochin Caillouté Et Porteur Caillouté;170000;Pikine, Sénégal;https://images.coinafrique.com/thumb_4862961_uploaded_image1_1722048205.jpg
Pigeon mondain noir;170000;Guediawaye, Dakar, Sénégal;https://images.coinafrique.com/thumb_4862270_uploaded_image1_1722006320.jpg
Pan indien blanc;35000;Mermoz-Sacré Coeur, Dakar, Sénégal;https://images.coinafrique.com/thumb_4860862_uploaded_image1_1721930737.jpg
Pigeons  Texan;20000;Mermoz-Sacré Coeur, Dakar, Sénégal;https://images.coinafrique.com/thumb_4860848_uploaded_image1_1721930260.jpg
Couple pigeon mondain blanc;70000;Mbao, Dakar, Sénégal;https://images.coinafrique.com/thumb_4853197_uploaded_image1_1721514569.jpg
Paires engoura;170000;Mbao, Dakar, Sénégal;https://images.coinafrique.com/thumb_4841263_uploaded_image1_1720874099.jpg
Jeune Mondain 2024;150000;Thiaroye, Sénégal;https://images.coinafrique.com/thumb_4840128_uploaded_image1_1720797760.jpg
Lapereaux métisse Géant et Californien;15000;Mbao, Dakar, Sénégal;https://images.coinafrique.com/thumb_4829597_uploaded_image1_1720290196.jpg
Poussin Herminé standard;170000;Dakar, Sénégal;https://images.coinafrique.com/thumb_4824502_uploaded_image1_1720037338.jpg
Mâle brahman Hierminés;170000;Dakar, Sénégal;https://images.coinafrique.com/thumb_4824501_uploaded_image1_1720037293.jpg
Cochin porteur caillouté paire;120000;Mbao, Dakar, Sénégal;https://images.coinafrique.com/thumb_4818681_uploaded_image1_1719796046.jpg
Hermines et cochins;500;Mermoz-Sacré Coeur, Dakar, Sénégal;https://images.coinafrique.com/thumb_4817873_uploaded_image1_1719747122.jpg
Poulet du pays;3500;Saint Louis, Sénégal;https://images.coinafrique.com/thumb_4807968_uploaded_image1_1719229010.jpg
Poule Brahma;95000;Rufisque, Sénégal;https://images.coinafrique.com/thumb_4807398_uploaded_image1_1719187421.jpg
Jeune couple Mondain;170000;Guediawaye, Dakar, Sénégal;https://images.coinafrique.com/thumb_4800310_uploaded_image1_1718745887.jpg
Texan pionnier;170000;Guediawaye, Dakar, Sénégal;https://images.coinafrique.com/thumb_4800306_uploaded_image1_1718745517.jpg
Poulet race;170000;Keur Massar, Sénégal;https://images.coinafrique.com/thumb_4787594_uploaded_image1_1717954434.jpg
Poulets;2500;Dakar, Sénégal;https://images.coinafrique.com/thumb_4767951_uploaded_image1_1716976720.jpg
Couple lapereau fauve de bourgogne;40000;Lac rose, Sénégal;https://images.coinafrique.com/thumb_4751808_uploaded_image1_1716133783.jpg
Poulets de chair;1500;Mbao, Dakar, Sénégal;https://images.coinafrique.com/thumb_4696598_uploaded_image1_1713352074.jpg
Poulet;170000;Thies, Sénégal;https://images.coinafrique.com/thumb_4738369_uploaded_image1_1715444473.jpg
Pigeons voyageurs;170000;Dakar, Sénégal;https://images.coinafrique.com/thumb_4729764_uploaded_image1_1715037972.jpg
Poulet Nègre de soie;35000;Almadies, Dakar, Sénégal;https://images.coinafrique.com/thumb_4723223_uploaded_image1_1714727157.jpg
Lapin Angora;20000;Mamelles, Dakar, Sénégal;https://images.coinafrique.com/thumb_4714367_uploaded_image1_1714245668.jpg
Pigeons King mâle;35000;Dakar, Sénégal;https://images.coinafrique.com/thumb_4704120_uploaded_image1_1713750109.jpg
Lapereaux;13500;Guediawaye, Dakar, Sénégal;https://images.coinafrique.com/thumb_4703012_uploaded_image1_1713680804.jpg
Pigeon Mâle voyageur;170000;Dakar, Sénégal;https://images.coinafrique.com/thumb_4690859_uploaded_image1_1713063647.jpg
Couple Pigeons voyageur;15000;Dakar, Sénégal;https://images.coinafrique.com/thumb_4690857_uploaded_image1_1713063525.jpg
Pigeon Mondain écailler;170000;Guediawaye, Dakar, Sénégal;https://images.coinafrique.com/thumb_4685152_uploaded_image1_1712756876.jpg
Poulets de chair;170000;Mbour, Sénégal;https://images.coinafrique.com/thumb_4667518_uploaded_image1_1711842967.jpg
Femelle andalou;250000;Guediawaye, Dakar, Sénégal;https://images.coinafrique.com/thumb_4667144_uploaded_image1_1711815313.jpg
Pigeon voyageur à manteau;170000;Cambérène, Dakar, Sénégal;https://images.coinafrique.com/thumb_4664901_uploaded_image1_1711663618.jpg
Pigeon Mondain Andalou;300;Cambérène, Dakar, Sénégal;https://images.coinafrique.com/thumb_4664895_uploaded_image1_1711663431.jpg
Pigeons;50000;Rufisque, Sénégal;https://images.coinafrique.com/thumb_4662585_uploaded_image1_1711547077.jpg
Pigeon Texan;80000;Rufisque, Sénégal;https://images.coinafrique.com/thumb_4653331_uploaded_image1_1711039616.jpg
Pigeons Mondain;225000;Rufisque, Sénégal;https://images.coinafrique.com/thumb_4653298_uploaded_image1_1711039158.jpg
Œufs à couver;12500;Mbao, Dakar, Sénégal;https://images.coinafrique.com/thumb_4651892_uploaded_image1_1710962341.jpg
Couple  Brahma Herminé standard;80000;Mbao, Dakar, Sénégal;https://images.coinafrique.com/thumb_4650066_uploaded_image1_1710871182.jpg
Brahma;25000;Dakar, Sénégal;https://images.coinafrique.com/thumb_4644724_uploaded_image1_1710589505.jpg
Pigeon Boulant;170000;Dakar, Sénégal;https://images.coinafrique.com/thumb_4624925_uploaded_image1_1709567352.jpg
Pigeon King;170000;Dakar, Sénégal;https://images.coinafrique.com/thumb_4624920_uploaded_image1_1709567189.jpg
Pigeon voyageur;15000;Dakar, Sénégal;https://images.coinafrique.com/thumb_4624891_uploaded_image1_1709566248.jpg
Pigeons;100;Almadies 2, Dakar, Sénégal;https://images.coinafrique.com/thumb_4623025_uploaded_image1_1709471989.jpg
Pigeon voyageur Manteau Opale;170000;Guediawaye, Dakar, Sénégal;https://images.coinafrique.com/thumb_4621197_uploaded_image1_1709366454.jpg
Poussin oie;35000;Guediawaye, Dakar, Sénégal;https://images.coinafrique.com/thumb_4619799_uploaded_image1_1709296095.jpg
Poulets de chairs;3500;Rufisque, Sénégal;https://images.coinafrique.com/thumb_4612683_uploaded_image1_1708957200.jpg
Brahman bleu Lemon;40000;Dakar, Sénégal;https://images.coinafrique.com/thumb_4612273_uploaded_image1_1708946489.jpg
Pigeons;170000;Keur Massar, Sénégal;https://images.coinafrique.com/thumb_4612083_uploaded_image1_1708939903.jpg
Poussin Marans;10000;Dakar, Sénégal;https://images.coinafrique.com/thumb_4603800_uploaded_image1_1708477906.jpg
Pigeons couple Mondain;170000;Guediawaye, Dakar, Sénégal;https://images.coinafrique.com/thumb_4598304_uploaded_image1_1708179510.jpg
Couples lapereaux;100000;Keur Massar, Sénégal;https://images.coinafrique.com/thumb_4587998_uploaded_image1_1707587252.jpg
Pigeon Lahor;20000;Rufisque, Sénégal;https://images.coinafrique.com/thumb_4565457_uploaded_image1_1706369680.jpg
Pigeon Modain;160000;Grand Yoff, Dakar, Sénégal;https://images.coinafrique.com/thumb_4561395_uploaded_image1_1706128448.jpg
Lapereau;10000;Lac rose, Sénégal;https://images.coinafrique.com/thumb_4556321_uploaded_image1_1705859521.jpg
Poulet de chaire;5000;Mbao, Dakar, Sénégal;https://images.coinafrique.com/thumb_4555523_uploaded_image1_1705793143.jpg
Pigeons King;60000;Mariste, Dakar, Sénégal;https://images.coinafrique.com/thumb_4548383_uploaded_image1_1705424797.jpg
Paire pigeon  jeune King;60000;Mariste, Dakar, Sénégal;https://images.coinafrique.com/thumb_4545200_uploaded_image1_1705269534.jpg
Pigeons;5000;Sicap Liberté, Dakar, Sénégal;https://images.coinafrique.com/thumb_4542217_uploaded_image1_1705082041.jpg
Pigeons;5000;Sicap Liberté, Dakar, Sénégal;https://images.coinafrique.com/thumb_4542193_uploaded_image1_1705080975.jpg
Lapin;35000;Mariste, Dakar, Sénégal;https://images.coinafrique.com/thumb_4517612_uploaded_image1_1703770805.jpg
Pigeon;170000;Ouakam, Dakar, Sénégal;https://images.coinafrique.com/thumb_4513662_uploaded_image2_1703531881.jpeg
Lapin;170000;Mariste, Dakar, Sénégal;https://images.coinafrique.com/thumb_4513225_uploaded_image1_1703497424.jpg
Lapin fauve male;80000;Mariste, Dakar, Sénégal;https://images.coinafrique.com/thumb_4512680_uploaded_image1_1703431761.jpg
Couple lapin;170000;Dakar, Sénégal;https://images.coinafrique.com/thumb_4509856_uploaded_image1_1703213564.jpg
Poulet de chair;3500;Dakar, Sénégal;https://images.coinafrique.com/thumb_4509252_uploaded_image1_1703175319.jpg
Couple lapereau;40000;Dakar, Sénégal;https://images.coinafrique.com/thumb_4505997_uploaded_image1_1702997024.jpg
Couple lapin français;40000;Dakar, Sénégal;https://images.coinafrique.com/thumb_4505989_uploaded_image1_1702996795.jpg
Lapin;170000;Yoff, Dakar, Sénégal;https://images.coinafrique.com/thumb_4490937_uploaded_image1_1702037014.jpg
Lapin Angora male;8000;Diamniadio, Sénégal;https://images.coinafrique.com/thumb_4473413_uploaded_image1_1701020741.jpg
Lapin Angora male;18000;Diamniadio, Sénégal;https://images.coinafrique.com/thumb_4473399_uploaded_image1_1701019994.jpg
Pigeon King Blanc;75000;Mbour, Sénégal;https://images.coinafrique.com/thumb_4471585_uploaded_image1_1700864393.jpg
Pigeon Lahor;40000;Mbour, Sénégal;https://images.coinafrique.com/thumb_4471579_uploaded_image1_1700864120.jpg
Femelle lapin demi sang + cage;40000;Guediawaye, Dakar, Sénégal;https://images.coinafrique.com/thumb_4464349_uploaded_image1_1700417993.jpg
Lapin;170000;Keur Massar, Sénégal;https://images.coinafrique.com/thumb_4453957_uploaded_image1_1699727543.jpg
Coqs;170000;Ouakam, Dakar, Sénégal;https://images.coinafrique.com/thumb_4444985_uploaded_image1_1699208691.jpg
Lapin;170000;Niaga, Sénégal;https://images.coinafrique.com/thumb_4435893_uploaded_image1_1698681315.jpg
Lapins;170000;Rufisque, Sénégal;https://images.coinafrique.com/thumb_4434579_uploaded_image1_1698581736.jpg
Lapereau;10000;Niaga, Sénégal;https://images.coinafrique.com/thumb_4433087_uploaded_image1_1698427048.jpg
Lapereau;10000;Niaga, Sénégal;https://images.coinafrique.com/thumb_4425850_uploaded_image1_1697991508.jpg
Cochons d'Inde;15000;Keur Massar, Sénégal;https://images.coinafrique.com/thumb_4425812_uploaded_image1_1697988348.jpg
Pigeons voyageur de compétition;15000;Grand Yoff, Dakar, Sénégal;https://images.coinafrique.com/thumb_4418928_uploaded_image1_1697461664.jpg
Pigeons;3000;Grand Yoff, Dakar, Sénégal;https://images.coinafrique.com/thumb_4418917_uploaded_image1_1697461219.jpg
Pigeon voyageur;5000;Grand Yoff, Dakar, Sénégal;https://images.coinafrique.com/thumb_4418908_uploaded_image1_1697461394.jpg
Pigeon;2000;Grand Yoff, Dakar, Sénégal;https://images.coinafrique.com/thumb_4418898_uploaded_image1_1697460446.jpg
Lapin;35000;Mbao, Dakar, Sénégal;https://images.coinafrique.com/thumb_4408360_uploaded_image1_1696785290.jpg
Pigeon voyageur;8000;Rufisque, Sénégal;https://images.coinafrique.com/thumb_4406776_uploaded_image1_1696680924.jpg
Pigeon voyageur;8000;Rufisque, Sénégal;https://images.coinafrique.com/thumb_4406771_uploaded_image1_1696680728.jpg
Poussins;26500;Pikine, Sénégal;https://images.coinafrique.com/thumb_4399877_uploaded_image1_1696286458.jpg
Poule Brahma;25000;Medina, Dakar, Sénégal;https://images.coinafrique.com/thumb_4389249_uploaded_image1_1695564020.jpg
Lapins;20000;Niaga, Sénégal;https://images.coinafrique.com/thumb_4384422_uploaded_image1_1695232906.jpg
Lapereau;10000;Parcelle Assainies, Dakar, Sénégal;https://images.coinafrique.com/thumb_4381621_uploaded_image1_1695057585.jpg
Pigeons Culbutant français;50000;Dakar, Sénégal;https://images.coinafrique.com/thumb_4378163_uploaded_image1_1694787558.jpg
Poule Brahman herminé;170000;Keur Massar, Sénégal;https://images.coinafrique.com/thumb_4369295_uploaded_image1_1694214443.jpg
Lapin;10000;Parcelle Assainies, Dakar, Sénégal;https://images.coinafrique.com/thumb_4368816_uploaded_image1_1694188598.jpg
Pigeons de race;350000;Cambérène, Dakar, Sénégal;https://images.coinafrique.com/thumb_4368566_uploaded_image1_1694179237.jpg
Lapin;170000;Niaga, Sénégal;https://images.coinafrique.com/thumb_4359251_uploaded_image1_1693583547.jpg
Lapin   Papillon;90000;Rufisque, Sénégal;https://images.coinafrique.com/thumb_4347215_uploaded_image1_1692800912.jpg
Lapin;170000;Niaga, Sénégal;https://images.coinafrique.com/thumb_4337665_uploaded_image1_1692197761.jpg
Lapin;170000;Niaga, Sénégal;https://images.coinafrique.com/thumb_4337664_uploaded_image2_1692903389.jpeg
Lapins;170000;Niaga, Sénégal;https://images.coinafrique.com/thumb_4336471_uploaded_image1_1692120444.jpg
Lapereaux;10000;Niaga, Sénégal;https://images.coinafrique.com/thumb_4333705_uploaded_image1_1691943760.jpg
Lapereaux;170000;Niaga, Sénégal;https://images.coinafrique.com/thumb_4324644_uploaded_image1_1691345949.jpg
Poussins de chair;170000;Dakar, Sénégal;https://images.coinafrique.com/thumb_4323837_uploaded_image1_1691274033.jpg
Lapin;40000;Niaga, Sénégal;https://images.coinafrique.com/thumb_4312499_uploaded_image1_1690566200.jpg
Poules;170000;Thies, Sénégal;https://images.coinafrique.com/thumb_4302571_uploaded_image1_1689893299.jpg
Lapin;170000;Niaga, Sénégal;https://images.coinafrique.com/thumb_4302356_uploaded_image1_1689878968.jpg
Lapin;15000;Ouakam, Dakar, Sénégal;https://images.coinafrique.com/thumb_4298076_uploaded_image1_1689619080.jpg
Lapin;80000;Dakar, Sénégal;https://images.coinafrique.com/thumb_4296184_uploaded_image1_1689472721.jpg
Poussins Brahmanes;30000;Rufisque, Sénégal;https://images.coinafrique.com/thumb_4290482_uploaded_image1_1689101216.jpg
Coq hermine;60000;Rufisque, Sénégal;https://images.coinafrique.com/thumb_4290479_uploaded_image1_1689101063.jpg
Lapin nain Loutre;30000;Ouakam, Dakar, Sénégal;https://images.coinafrique.com/thumb_4289564_uploaded_image1_1689066044.jpg
Poulets  bleu Holland;6000;Rufisque, Sénégal;https://images.coinafrique.com/thumb_4287658_uploaded_image1_1688923156.jpg
Pigeons;170000;Dakar, Sénégal;https://images.coinafrique.com/thumb_4287413_uploaded_image1_1688907084.jpg
Lapins;170000;Dakar, Sénégal;https://images.coinafrique.com/thumb_4287411_uploaded_image1_1688907003.jpg
Pigeon Messager;25000;Rufisque, Sénégal;https://images.coinafrique.com/thumb_4286623_uploaded_image1_1688830929.jpg
Poulets de chair;4000;Keur Massar, Sénégal;https://images.coinafrique.com/thumb_4283570_uploaded_image1_1688648209.jpg
Pigeon Boulan;15000;Louga, Sénégal;https://images.coinafrique.com/thumb_4277905_uploaded_image1_1688318584.jpg
Pigeon Boulan;45000;Louga, Sénégal;https://images.coinafrique.com/thumb_4277890_uploaded_image1_1688316619.jpg
Lapereaux;10000;Niaga, Sénégal;https://images.coinafrique.com/thumb_4268955_uploaded_image1_1687603560.jpg
Lapin;30000;Niaga, Sénégal;https://images.coinafrique.com/thumb_4268327_uploaded_image1_1687541319.jpg
Poule Bleu Hollandais;7000;Mbao, Dakar, Sénégal;https://images.coinafrique.com/thumb_4224766_uploaded_image3_1684691526.jpeg
Poussins cochin;7500;Pikine, Sénégal;https://images.coinafrique.com/thumb_4255246_uploaded_image1_1686680990.jpg
Lapines;170000;Niaga, Sénégal;https://images.coinafrique.com/thumb_4249408_uploaded_image1_1686311889.jpg
Lapin californien;170000;Saly, Sénégal;https://images.coinafrique.com/thumb_4248635_uploaded_image1_1686257041.jpg
Lapereaux;45000;Mariste, Dakar, Sénégal;https://images.coinafrique.com/thumb_4244917_uploaded_image1_1686063555.jpg
Poussins Brahmans;30000;Keur Massar, Sénégal;https://images.coinafrique.com/thumb_4243414_uploaded_image1_1685971475.jpg
Pigeons Mondains;50000;Dakar, Sénégal;https://images.coinafrique.com/thumb_4240446_uploaded_image1_1685727771.jpg
Lapine;170000;Niaga, Sénégal;https://images.coinafrique.com/thumb_4235319_uploaded_image1_1685440928.jpg
Lapin Gris de Touraine;35000;Dakar, Sénégal;https://images.coinafrique.com/thumb_4230722_uploaded_image1_1685059185.jpg
Pigeon mondain brun;500000;Dakar, Sénégal;https://images.coinafrique.com/thumb_4230459_uploaded_image1_1685044108.jpg
Pigeon Tambour Allemand;50000;Dakar, Sénégal;https://images.coinafrique.com/thumb_4223933_uploaded_image1_1684609709.jpg
Pigeon voyageur;7000;Ouakam, Dakar, Sénégal;https://images.coinafrique.com/thumb_4222723_uploaded_image1_1684515810.jpg
Pigeon voyageur;7000;Ouakam, Dakar, Sénégal;https://images.coinafrique.com/thumb_4222721_uploaded_image1_1684515659.jpg
Poussins de chair - bleu hollandais;170000;Dakar, Sénégal;https://images.coinafrique.com/thumb_4221943_uploaded_image2_1684477934.jpeg
Coq cochin;45000;Yoff, Dakar, Sénégal;https://images.coinafrique.com/thumb_4218824_uploaded_image1_1684270289.jpg
Poulets brahman herminés;135000;Dakar, Sénégal;https://images.coinafrique.com/thumb_4212808_uploaded_image1_1683879589.jpg
Couple lapins;170000;Mbao, Dakar, Sénégal;https://images.coinafrique.com/thumb_4208070_uploaded_image1_1683583031.jpg
Lapin géant;50000;Niaga, Sénégal;https://images.coinafrique.com/thumb_4207913_uploaded_image1_1683574221.jpg
Poussins bleue Holland;35000;Cambérène, Dakar, Sénégal;https://images.coinafrique.com/thumb_4206875_uploaded_image1_1683511573.jpg
Cailleteaux;250;Thies, Sénégal;https://images.coinafrique.com/thumb_4205412_uploaded_image1_1683385484.jpg
Pigeons manteau opale;6000;Mariste, Dakar, Sénégal;https://images.coinafrique.com/thumb_4202860_uploaded_image1_1683234964.jpg
Pigeon;20000;Gueule Tapée, Dakar, Sénégal;https://images.coinafrique.com/thumb_4198961_uploaded_image1_1683046102.jpg
Lapereau;15000;Mariste, Dakar, Sénégal;https://images.coinafrique.com/thumb_4195833_uploaded_image3_1682867699.jpeg
Lapin metisage;170000;Mariste, Dakar, Sénégal;https://images.coinafrique.com/thumb_4194884_uploaded_image1_1682776235.jpg
Pigeon Texan;70000;Mbour, Sénégal;https://images.coinafrique.com/thumb_4193114_uploaded_image1_1682634328.jpg
Pigeon Padda de java;20000;Point E, Dakar, Sénégal;https://images.coinafrique.com/thumb_4191356_uploaded_image1_1682522033.jpg
Poussins;35000;Cambérène, Dakar, Sénégal;https://images.coinafrique.com/thumb_4186084_uploaded_image1_1682139045.jpg
Pigeon Boulant de poméranie;20000;Mariste, Dakar, Sénégal;https://images.coinafrique.com/thumb_4178981_uploaded_image1_1681650331.jpg
Pigeon Boulant de poméranie;13000;Mariste, Dakar, Sénégal;https://images.coinafrique.com/thumb_4178980_uploaded_image1_1681650252.jpg
Pigeons Lahore;15000;Dakar, Sénégal;https://images.coinafrique.com/thumb_4177942_uploaded_image1_1681563067.jpg
Poulet de chair;3500;Cambérène, Dakar, Sénégal;https://images.coinafrique.com/thumb_4172814_uploaded_image1_1681236734.jpg
Poule hollandais;8000;Touba, Sénégal;https://images.coinafrique.com/thumb_4170233_uploaded_image2_1681079258.jpeg
Pigeons;150000;Thies, Sénégal;https://images.coinafrique.com/thumb_4167601_uploaded_image1_1680885984.jpg
Pigeons voyageurs;15000;Thies, Sénégal;https://images.coinafrique.com/thumb_4167567_uploaded_image1_1680885294.jpg
Pigeons voyageurs  manteau;15000;Thies, Sénégal;https://images.coinafrique.com/thumb_4167562_uploaded_image1_1680885216.jpg
Pigeons frisés milanais;200000;Cambérène, Dakar, Sénégal;https://images.coinafrique.com/thumb_4165971_uploaded_image1_1680795516.jpg
Couple pigeon;10000;Mariste, Dakar, Sénégal;https://images.coinafrique.com/thumb_4159080_uploaded_image1_1680434202.jpg
Pigeons;170000;Thies, Sénégal;https://images.coinafrique.com/thumb_4158780_uploaded_image1_1680397009.jpg
Pigeons paons indiens;35000;Mariste, Dakar, Sénégal;https://images.coinafrique.com/thumb_4155195_uploaded_image1_1680182497.jpg
Poussins Inde;4000;Thies, Sénégal;https://images.coinafrique.com/thumb_4148722_uploaded_image1_1679757295.jpg
Lapereaux;10000;Niaga, Sénégal;https://images.coinafrique.com/thumb_4145983_uploaded_image1_1679578952.jpg
Lapereau géant fauve;25000;Niaga, Sénégal;https://images.coinafrique.com/thumb_4134335_uploaded_image1_1678820167.jpg
Pigeons texans;15000;Cambérène, Dakar, Sénégal;https://images.coinafrique.com/thumb_4134077_uploaded_image1_1678808506.jpg
Pigeon  Paon Indien;55000;Mariste, Dakar, Sénégal;https://images.coinafrique.com/thumb_4133025_uploaded_image1_1678744597.jpg
Pigeons Diamant Mandarin;30000;Point E, Dakar, Sénégal;https://images.coinafrique.com/thumb_4130101_uploaded_image1_1678546170.jpg
Lapin;15000;Niaga, Sénégal;https://images.coinafrique.com/thumb_4125350_uploaded_image1_1678282298.jpg
Lapereaux;10000;Niaga, Sénégal;https://images.coinafrique.com/thumb_4123300_uploaded_image1_1678175207.jpg
Coq Brahman;70000;Mbao, Dakar, Sénégal;https://images.coinafrique.com/thumb_4119858_uploaded_image1_1677937311.jpg
Pigeon  Mondains;100000;Cambérène, Dakar, Sénégal;https://images.coinafrique.com/thumb_4111710_uploaded_image1_1677517472.jpg
Pigeons  voyageurs à manteau;50000;Cambérène, Dakar, Sénégal;https://images.coinafrique.com/thumb_4111707_uploaded_image1_1677517375.jpg
Coq  Brahman;43000;Mbao, Dakar, Sénégal;https://images.coinafrique.com/thumb_4107161_uploaded_image1_1677172109.jpg
Poulet;5000;Dakar, Sénégal;https://images.coinafrique.com/thumb_4099353_uploaded_image1_1676660089.jpg
Poulet;5000;Dakar, Sénégal;https://images.coinafrique.com/thumb_4099352_uploaded_image1_1676659955.jpg
Poussins cou nu;2500;Mbao, Dakar, Sénégal;https://images.coinafrique.com/thumb_4098076_uploaded_image1_1676582659.jpg
Lapin papillon;30000;Dakar, Sénégal;https://images.coinafrique.com/thumb_4097932_uploaded_image1_1676574876.jpg
Lapin femelle Angora;20000;Niaga, Sénégal;https://images.coinafrique.com/thumb_4088341_uploaded_image1_1675964415.jpg
Lapin;15000;Rufisque, Sénégal;https://images.coinafrique.com/thumb_4069804_uploaded_image1_1675001928.jpg
Lapin Angora;25000;Niaga, Sénégal;https://images.coinafrique.com/thumb_4062470_uploaded_image1_1674512420.jpg
Lapin nain tête de lion;25000;Mermoz-Sacré Coeur, Dakar, Sénégal;https://images.coinafrique.com/thumb_4060697_uploaded_image1_1674397870.jpg
Poules pondeuses;170000;Thies, Sénégal;https://images.coinafrique.com/thumb_4055238_uploaded_image2_1674047643.jpeg
Lapereau Angora;10000;Niaga, Sénégal;https://images.coinafrique.com/thumb_4054751_uploaded_image1_1674032700.jpg
Lapereaux;20000;Mariste, Dakar, Sénégal;https://images.coinafrique.com/thumb_4052032_uploaded_image1_1673874541.jpg
Coq Chochin;95000;Parcelle Assainies, Dakar, Sénégal;https://images.coinafrique.com/thumb_4050293_uploaded_image1_1673730559.jpg
Couple   Braman Cochin;95000;Parcelle Assainies, Dakar, Sénégal;https://images.coinafrique.com/thumb_4050206_uploaded_image1_1673726092.jpg
Poulet Braman cochin;950000;Parcelle Assainies, Dakar, Sénégal;https://images.coinafrique.com/thumb_4050193_uploaded_image1_1673725687.jpg
Poulets de chairs;4000;Ziguinchor, Sénégal;https://images.coinafrique.com/thumb_4044027_uploaded_image1_1673388793.jpg
Poussins de chair;35000;Dakar, Sénégal;https://images.coinafrique.com/thumb_4041126_uploaded_image1_1673258391.jpg
Couple angoura;30000;Cambérène, Dakar, Sénégal;https://images.coinafrique.com/thumb_4036533_uploaded_image1_1672950565.jpg
Couple pigeons voyageurs;12000;Cambérène, Dakar, Sénégal;https://images.coinafrique.com/thumb_4034954_uploaded_image1_1672875776.jpg
Couple voyageur blanc;15000;Cambérène, Dakar, Sénégal;https://images.coinafrique.com/thumb_4034942_uploaded_image1_1672874900.jpg
Perruches anglaise - couple;50000;Dieuppeul-Derklé, Dakar, Sénégal;https://images.coinafrique.com/thumb_4033120_uploaded_image1_1672788351.jpg
Perruche ondulée;20000;Dakar, Sénégal;https://images.coinafrique.com/thumb_4033032_uploaded_image1_1672783609.jpg
Coq Cochin;50000;Dakar, Sénégal;https://images.coinafrique.com/thumb_4030997_uploaded_image1_1672682387.jpg
Coq cochin;50000;Dakar, Sénégal;https://images.coinafrique.com/thumb_4030993_uploaded_image1_1672682272.jpg
Poulet de chair;3500;Rufisque, Sénégal;https://images.coinafrique.com/thumb_4028864_uploaded_image2_1672481470.jpeg
Poulets de chair;3000;Dakar, Sénégal;https://images.coinafrique.com/thumb_4021629_uploaded_image1_1671880183.jpg
Couple texan;40000;Thies, Sénégal;https://images.coinafrique.com/thumb_4021335_uploaded_image1_1671837753.jpg
Couple mondain;90000;Thies, Sénégal;https://images.coinafrique.com/thumb_4021333_uploaded_image1_1671837659.jpg
Couple pigeons;14000;Mariste, Dakar, Sénégal;https://images.coinafrique.com/thumb_4019501_uploaded_image1_1671719532.jpg
Pigeon;50000;Kaolack, Sénégal;https://images.coinafrique.com/thumb_4013190_uploaded_image1_1671298740.jpg
Lapins;30000;Touba, Sénégal;https://images.coinafrique.com/thumb_4012180_uploaded_image1_1671225603.jpg
Poules;35000;Touba, Sénégal;https://images.coinafrique.com/thumb_4012177_uploaded_image3_1671225532.jpeg
Pigeons;12000;Mbour, Sénégal;https://images.coinafrique.com/thumb_4009110_uploaded_image1_1671058199.jpg
Couple Brahma;170000;Yoff, Dakar, Sénégal;https://images.coinafrique.com/thumb_4005445_uploaded_image1_1670854767.jpg
Pigeon français;25000;Sicap Liberté, Dakar, Sénégal;https://images.coinafrique.com/thumb_3999035_uploaded_image1_1670454354.jpg
Coq mal cochain;65000;Mbour, Sénégal;https://images.coinafrique.com/thumb_3990507_uploaded_image1_1669994795.jpg
Pigeons;80000;Cambérène, Dakar, Sénégal;https://images.coinafrique.com/thumb_3989311_uploaded_image1_1669935034.jpg
Pigeon Mondain;85000;Mbour, Sénégal;https://images.coinafrique.com/thumb_3986519_uploaded_image1_1669815997.jpg
Mâle Brahma;20000;Parcelle Assainies, Dakar, Sénégal;https://images.coinafrique.com/thumb_3983729_uploaded_image1_1669650251.jpg
Poussin bleu holande;30000;Dakar, Sénégal;https://images.coinafrique.com/thumb_3981130_uploaded_image1_1669460038.jpg
Poussin dinde chair;3000;Dakar, Sénégal;https://images.coinafrique.com/thumb_3981127_uploaded_image1_1669459933.jpg
Pigeons Pan Indien;30000;Mbao, Dakar, Sénégal;https://images.coinafrique.com/thumb_3958692_uploaded_image1_1668044083.jpg
Poussins;30000;Touba, Sénégal;https://images.coinafrique.com/thumb_3956250_uploaded_image1_1667916487.jpg
Coq choie & bramane;50000;Tambacounda, Sénégal;https://images.coinafrique.com/thumb_3956033_uploaded_image1_1667909977.jpg
Paire Brahma;80000;Dakar, Sénégal;https://images.coinafrique.com/thumb_3941235_uploaded_image1_1667077382.jpg
Lapin;25000;Hann Bel-Air, Dakar, Sénégal;https://images.coinafrique.com/thumb_3937288_uploaded_image1_1666813728.jpg
Lapin male Fauve;65000;Mbour, Sénégal;https://images.coinafrique.com/thumb_3934536_uploaded_image1_1666646311.jpg
Pigeons;170000;Dakar, Sénégal;https://images.coinafrique.com/thumb_3916214_uploaded_image1_1665526226.jpg
Lapin mâle engoura;20000;Hann Bel-Air, Dakar, Sénégal;https://images.coinafrique.com/thumb_3911550_uploaded_image1_1665233894.jpg
Pigeon;10000;Hann Bel-Air, Dakar, Sénégal;https://images.coinafrique.com/thumb_3911548_uploaded_image1_1665233800.jpg
Poussins de caille;500;Keur Massar, Sénégal;https://images.coinafrique.com/thumb_3882380_uploaded_image1_1663498641.jpg
Bleues d’Hollandes;15000;Mbao, Dakar, Sénégal;https://images.coinafrique.com/thumb_3879030_uploaded_image1_1663241521.jpg
Poussins Bleues Hollandaises;1500;Mbao, Dakar, Sénégal;https://images.coinafrique.com/thumb_3879015_uploaded_image1_1663241115.jpg
Poulet chair;4000;Guediawaye, Dakar, Sénégal;https://images.coinafrique.com/thumb_3869035_uploaded_image1_1662638536.jpg
Brahmans Herminé et Cochins;170000;Keur Massar, Sénégal;https://images.coinafrique.com/thumb_3868279_uploaded_image1_1662589600.jpg
Poussin pintade;1500;Parcelle Assainies, Dakar, Sénégal;https://images.coinafrique.com/thumb_3859176_uploaded_image1_1662124807.jpg
Pigeon;3000;Grand Yoff, Dakar, Sénégal;https://images.coinafrique.com/thumb_3856165_uploaded_image1_1662024131.jpg
Pigeon voyageur;7000;Grand Yoff, Dakar, Sénégal;https://images.coinafrique.com/thumb_3856160_uploaded_image1_1662023975.jpg
Diamant Mandarin Huppé;170000;Point E, Dakar, Sénégal;https://images.coinafrique.com/thumb_3841798_uploaded_image1_1661198573.jpg
Pigeons voyageurs;2000;Dakar Plateau, Dakar, Sénégal;https://images.coinafrique.com/thumb_3829942_uploaded_image1_1660489290.jpg
Poulets;170000;Niaga, Sénégal;https://images.coinafrique.com/thumb_3820532_uploaded_image1_1659963344.jpg
Poulet de chair;3000;Mariste, Dakar, Sénégal;https://images.coinafrique.com/thumb_3820323_uploaded_image1_1659956851.jpg
Pigeons portugais espagnols;20000;Dakar, Sénégal;https://images.coinafrique.com/thumb_3818868_uploaded_image1_1659851735.jpg
Pigeons espagnols;10000;Dakar, Sénégal;https://images.coinafrique.com/thumb_3818867_uploaded_image1_1659851278.jpg
Poulets;170000;Niaga, Sénégal;https://images.coinafrique.com/thumb_3818707_uploaded_image1_1659828045.jpg
Pigeon Opal;170000;Saly, Sénégal;https://images.coinafrique.com/thumb_3817370_uploaded_image1_1659739915.jpg
Poulet de chair;3000;HLM, Dakar, Sénégal;https://images.coinafrique.com/thumb_3812639_uploaded_image1_1659524524.jpg
Poulets;3500;Dakar, Sénégal;https://images.coinafrique.com/thumb_3809817_uploaded_image1_1659394489.jpg
Femelle herminé pur sang;45000;Dakar, Sénégal;https://images.coinafrique.com/thumb_3807013_uploaded_image1_1659264761.jpg
Poule Brahman;60000;Dakar, Sénégal;https://images.coinafrique.com/thumb_3803369_uploaded_image1_1659011427.jpg
Poule Brahma;110000;Dakar, Sénégal;https://images.coinafrique.com/thumb_3803358_uploaded_image2_1659010838.jpeg
Femelles Manteau Opal;35000;Cambérène, Dakar, Sénégal;https://images.coinafrique.com/thumb_3802372_uploaded_image1_1658943727.jpg
Poules;2800;Dakar, Sénégal;https://images.coinafrique.com/thumb_3799302_uploaded_image1_1658780673.jpg
Lapin nain;60000;Dakar Plateau, Dakar, Sénégal;https://images.coinafrique.com/thumb_3795801_uploaded_image1_1658525928.jpg
Poulet d'ornement;170000;Rufisque, Sénégal;https://images.coinafrique.com/thumb_3795149_uploaded_image1_1658494666.jpg
Poulets frais;3500;HLM, Dakar, Sénégal;https://images.coinafrique.com/thumb_3749412_uploaded_image1_1655656513.jpg
Poulets Hollande;6000;Parcelle Assainies, Dakar, Sénégal;https://images.coinafrique.com/thumb_3788366_uploaded_image1_1658082013.jpg
Couple lapin nain;60000;Dakar, Sénégal;https://images.coinafrique.com/thumb_3779800_uploaded_image1_1657474190.jpg
Lapins;15000;Diamniadio, Sénégal;https://images.coinafrique.com/thumb_3778360_uploaded_image1_1657315361.jpg
Lapin;20000;Keur Massar, Sénégal;https://images.coinafrique.com/thumb_3762877_uploaded_image1_1656485681.jpg
Lapins nain;30000;Parcelle Assainies, Dakar, Sénégal;https://images.coinafrique.com/thumb_3756850_uploaded_image1_1656080564.jpg
Poussins chair;28000;Yoff, Dakar, Sénégal;https://images.coinafrique.com/thumb_3756839_uploaded_image1_1656080074.jpg
Poussins Cochins;170000;Rufisque, Sénégal;https://images.coinafrique.com/thumb_3738020_uploaded_image1_1654981855.jpg
Pigeons voyageurs;170000;Rufisque, Sénégal;https://images.coinafrique.com/thumb_3726420_uploaded_image1_1654342685.jpg
Coq Brahmane;45000;Louga, Sénégal;https://images.coinafrique.com/thumb_3725108_uploaded_image1_1654262429.jpg
Poulet de chair;2500;Niaga, Sénégal;https://images.coinafrique.com/thumb_3719067_uploaded_image1_1654006894.jpg
Poussins;170000;Diamniadio, Sénégal;https://images.coinafrique.com/thumb_3717493_uploaded_image1_1653911809.jpg
Poussins;27500;Rufisque, Sénégal;https://images.coinafrique.com/thumb_3713086_uploaded_image1_1653586071.jpg
Poussins 1 jour;25000;Keur Massar, Sénégal;https://images.coinafrique.com/thumb_3712620_uploaded_image1_1653566057.jpg
Poule;170000;Parcelle Assainies, Dakar, Sénégal;https://images.coinafrique.com/thumb_3707531_uploaded_image1_1653273003.jpg
Coq Brahma;50000;Rufisque, Sénégal;https://images.coinafrique.com/thumb_3701284_uploaded_image1_1652878050.jpg
Poule Brahmâ;20000;Rufisque, Sénégal;https://images.coinafrique.com/thumb_3701283_uploaded_image1_1652877907.jpg
Pigeons;170000;Niaga, Sénégal;https://images.coinafrique.com/thumb_3694574_uploaded_image1_1652451578.jpg
Pigeons;170000;Cambérène, Dakar, Sénégal;https://images.coinafrique.com/thumb_3689928_uploaded_image1_1652202348.jpg
Lapin couple;65000;Dakar Plateau, Dakar, Sénégal;https://images.coinafrique.com/thumb_3680760_uploaded_image1_1651680730.jpg
Poule couple brahman;50000;Saint Louis, Sénégal;https://images.coinafrique.com/thumb_3680687_uploaded_image1_1651677884.jpg
Poussin;170000;Parcelle Assainies, Dakar, Sénégal;https://images.coinafrique.com/thumb_3679061_uploaded_image1_1651594437.jpg
Couple poules Bantam;80000;Guediawaye, Dakar, Sénégal;https://images.coinafrique.com/thumb_3678837_uploaded_image1_1651584122.jpg
Pigeons;50000;Cambérène, Dakar, Sénégal;https://images.coinafrique.com/thumb_3675341_uploaded_image1_1651328468.jpg
Coq Brahma Perdrix;35000;Mboro, Sénégal;https://images.coinafrique.com/thumb_3671744_uploaded_image1_1651068700.jpg
Cochin femelle frisé;40000;Mboro, Sénégal;https://images.coinafrique.com/thumb_3671735_uploaded_image1_1651068448.jpg
Pigeon dragon;20000;Mariste, Dakar, Sénégal;https://images.coinafrique.com/thumb_3671452_uploaded_image1_1651059347.jpg
Pigeons;170000;Rufisque, Sénégal;https://images.coinafrique.com/thumb_3669432_uploaded_image1_1650934782.jpg
Lapereaux;30000;Mbao, Dakar, Sénégal;https://images.coinafrique.com/thumb_3665205_uploaded_image1_1650639265.jpg
Eclosion - 16000 poussins;170000;Dakar, Sénégal;https://images.coinafrique.com/thumb_3664153_uploaded_image1_1650570771.jpg
Poule;170000;Parcelle Assainies, Dakar, Sénégal;https://images.coinafrique.com/thumb_3663076_uploaded_image1_1650514068.jpg
Pigeons;170000;Mbour, Sénégal;https://images.coinafrique.com/thumb_3659941_uploaded_image1_1650357667.jpg
Pigeon;170000;Mbour, Sénégal;https://images.coinafrique.com/thumb_3659931_uploaded_image1_1650357026.jpg
Pigeon voyageur;170000;Mbour, Sénégal;https://images.coinafrique.com/thumb_3659922_uploaded_image1_1650356719.jpg
Poussins;170000;Parcelle Assainies, Dakar, Sénégal;https://images.coinafrique.com/thumb_3658331_uploaded_image1_1650244788.jpg
Lapins;15000;Hann Bel-Air, Dakar, Sénégal;https://images.coinafrique.com/thumb_3624677_uploaded_image1_1648325393.jpg
Oiseaux;80000;Yoff, Dakar, Sénégal;https://images.coinafrique.com/thumb_3620766_uploaded_image1_1648057839.jpg
Pigeons;170000;Bambey, Sénégal;https://images.coinafrique.com/thumb_3610036_uploaded_image1_1647364331.jpg
Pigeon femelle texan;25000;Dakar, Sénégal;https://images.coinafrique.com/thumb_3606040_uploaded_image1_1647113482.jpg
Trio poussins Brahma;20000;Rufisque, Sénégal;https://images.coinafrique.com/thumb_3599688_uploaded_image1_1646764114.jpg
Couple poussins brahma;20000;Mbour, Sénégal;https://images.coinafrique.com/thumb_3595177_uploaded_image1_1646493730.jpg
Lapins nains;30000;Parcelle Assainies, Dakar, Sénégal;https://images.coinafrique.com/thumb_3594110_uploaded_image1_1646425965.jpg
Coq Cochin;80000;Dakar, Sénégal;https://images.coinafrique.com/thumb_3589893_uploaded_image1_1646229663.jpg
Poule Cochin;90000;Dakar, Sénégal;https://images.coinafrique.com/thumb_3589888_uploaded_image1_1646229530.jpg
Couple Cochin;90000;Dakar, Sénégal;https://images.coinafrique.com/thumb_3577024_uploaded_image1_1645466016.jpg
Poulets;170000;Dakar, Sénégal;https://images.coinafrique.com/thumb_3575471_uploaded_image1_1645369161.jpg
Poule  Brahma;25000;Parcelle Assainies, Dakar, Sénégal;https://images.coinafrique.com/thumb_3569532_uploaded_image1_1644995089.jpg
Couple de poule Brahman;50000;Saint Louis, Sénégal;https://images.coinafrique.com/thumb_3556200_uploaded_image1_1644096446.jpg
Oeuf poulet Brahma;2500;Rufisque, Sénégal;https://images.coinafrique.com/thumb_3556035_uploaded_image1_1644085287.jpg
Coq;30000;Dakar, Sénégal;https://images.coinafrique.com/thumb_3548688_uploaded_image1_1643733991.jpg
Poule pondeuse;45000;Rufisque, Sénégal;https://images.coinafrique.com/thumb_3546233_uploaded_image1_1643636475.jpg
Poussin brahman;10000;Rufisque, Sénégal;https://images.coinafrique.com/thumb_3546230_uploaded_image1_1643636330.jpg
Coq Brahman;50000;Rufisque, Sénégal;https://images.coinafrique.com/thumb_3546219_uploaded_image1_1643635974.jpg
Pigeons;45000;Dieuppeul-Derklé, Dakar, Sénégal;https://images.coinafrique.com/thumb_3544759_uploaded_image1_1643532462.jpg
Lot de 3 pigeons;25000;Sipres, Dakar, Sénégal;https://images.coinafrique.com/thumb_3544488_uploaded_image1_1643489629.jpg
Femelle opal rosa;35000;Thies, Sénégal;https://images.coinafrique.com/thumb_3544071_uploaded_image1_1643465628.jpg
Poussins Brahma;170000;Parcelle Assainies, Dakar, Sénégal;https://images.coinafrique.com/thumb_3543634_uploaded_image1_1643440137.jpg
Lapins nains;35000;Thies, Sénégal;https://images.coinafrique.com/thumb_3537679_uploaded_image1_1643058435.jpg
Couple Lapins;35000;Hann Bel-Air, Dakar, Sénégal;https://images.coinafrique.com/thumb_3536316_uploaded_image1_1642949781.jpg
Coq Cochin coucou;170000;Keur Massar, Sénégal;https://images.coinafrique.com/thumb_3530700_uploaded_image1_1642595156.jpg
Coq Cochin blanc;170000;Keur Massar, Sénégal;https://images.coinafrique.com/thumb_3530692_uploaded_image1_1642595027.jpg
Poulet;25003000;Grand Dakar, Dakar, Sénégal;https://images.coinafrique.com/thumb_3529776_uploaded_image1_1642526350.jpg
Poule;170000;Dakar, Sénégal;https://images.coinafrique.com/thumb_3527552_uploaded_image1_1642403544.jpg
Femelle manteau Opale;60000;Thies, Sénégal;https://images.coinafrique.com/thumb_3526942_uploaded_image1_1642346260.jpg
Lapins Angoura;15000;HLM, Dakar, Sénégal;https://images.coinafrique.com/thumb_3521996_uploaded_image1_1642019964.jpg
Pigeons;170000;Guediawaye, Dakar, Sénégal;https://images.coinafrique.com/thumb_3521128_uploaded_image1_1641989046.jpg
Lapins;40000;Hann Bel-Air, Dakar, Sénégal;https://images.coinafrique.com/thumb_3520760_uploaded_image1_1641976763.jpg
Poule Bleue Hollandaise;15000;Mbao, Dakar, Sénégal;https://images.coinafrique.com/thumb_3513806_uploaded_image1_1641562270.jpg
Pigeon Crimpan;75000;Diamalaye 1, Dakar, Sénégal;https://images.coinafrique.com/thumb_3505148_uploaded_image1_1641130075.jpg
Couple de poule Brahma;170000;Parcelle Assainies, Dakar, Sénégal;https://images.coinafrique.com/thumb_3502325_uploaded_image1_1640848021.jpg
Jeune mâle Brahma;170000;Parcelle Assainies, Dakar, Sénégal;https://images.coinafrique.com/thumb_3494983_uploaded_image1_1640242888.jpg
Poule cou nue;16000;Guediawaye, Dakar, Sénégal;https://images.coinafrique.com/thumb_3473109_uploaded_image1_1638884949.jpg
Couple pigeons cravate;25000;Dakar, Sénégal;https://images.coinafrique.com/thumb_3468974_uploaded_image1_1638651001.jpg
Poules;3000;Dakar, Sénégal;https://images.coinafrique.com/thumb_3464218_uploaded_image1_1638449183.jpg
Poules;170000;Dakar, Sénégal;https://images.coinafrique.com/thumb_3464191_uploaded_image1_1638448708.jpg
Poules;3000;Mermoz-Sacré Coeur, Dakar, Sénégal;https://images.coinafrique.com/thumb_3447997_uploaded_image1_1637496004.jpg
Pigeon Voyageur;17000;Touba, Sénégal;https://images.coinafrique.com/thumb_3444824_uploaded_image1_1637284415.jpg
Pigeon Boulan blanc;170000;Dakar, Sénégal;https://images.coinafrique.com/thumb_3441505_uploaded_image1_1637127613.jpg
Poule femelle Orpington;170000;Dakar, Sénégal;https://images.coinafrique.com/thumb_3441502_uploaded_image1_1637127447.jpg
Lapins;35000;Hann Bel-Air, Dakar, Sénégal;https://images.coinafrique.com/thumb_3437255_uploaded_image1_1636886889.jpg
Pigeon;170000;Parcelle Assainies, Dakar, Sénégal;https://images.coinafrique.com/thumb_3436083_uploaded_image1_1636807309.jpg
Poussins brahma couple;22000;Yoff, Dakar, Sénégal;https://images.coinafrique.com/thumb_3426274_uploaded_image1_1636309987.jpg
Pigeon couple Cauchois;70000;Dakar, Sénégal;https://images.coinafrique.com/thumb_3418999_uploaded_image1_1635954718.jpg
Pigeon femelle Mondain;70000;Dakar, Sénégal;https://images.coinafrique.com/thumb_3418994_uploaded_image1_1635954539.jpg
Pigeons Texan;60000;Rufisque, Sénégal;https://images.coinafrique.com/thumb_3414604_uploaded_image1_1635789687.jpg
Pigeon Cauchois;100000;Rufisque, Sénégal;https://images.coinafrique.com/thumb_3414597_uploaded_image1_1635789492.jpg
Pigeon Bouvreuil Archangel;40000;Rufisque, Sénégal;https://images.coinafrique.com/thumb_3414593_uploaded_image1_1635789344.jpg
Pigeon;35000;Ouakam, Dakar, Sénégal;https://images.coinafrique.com/thumb_3405195_uploaded_image1_1635268881.jpg
Poussins;170000;Mbour, Sénégal;https://images.coinafrique.com/thumb_3404905_uploaded_image1_1635261146.jpg
Poulets de chair;2500;Dakar, Sénégal;https://images.coinafrique.com/thumb_3394674_uploaded_image1_1634723623.jpg
Pigeon Lahor;65000;Thies, Sénégal;https://images.coinafrique.com/thumb_3382710_uploaded_image1_1634069766.jpg
Pigeon;170000;Thies, Sénégal;https://images.coinafrique.com/thumb_3382693_uploaded_image1_1634069396.jpg
Pigeons Laince;170000;Dakar, Sénégal;https://images.coinafrique.com/thumb_3380877_uploaded_image1_1633980647.jpg
Poules pondeuses;2000;Dakar, Sénégal;https://images.coinafrique.com/thumb_3379737_uploaded_image1_1633947290.jpg
Pigeons bouvreuils;22000;Rufisque, Sénégal;https://images.coinafrique.com/thumb_3378491_uploaded_image1_1633862943.jpg
Poussins brahman herminé - cochin blanc;170000;Keur Massar, Sénégal;https://images.coinafrique.com/thumb_3374652_uploaded_image1_1633650923.jpg
Pigeon voyageur;10000;Ouest Foire, Dakar, Sénégal;https://images.coinafrique.com/thumb_3373811_uploaded_image1_1633618398.jpg
Pigeon voyageur;10000;Ouest Foire, Dakar, Sénégal;https://images.coinafrique.com/thumb_3373808_uploaded_image1_1633618269.jpg
Pigeons;50000;Dakar, Sénégal;https://images.coinafrique.com/thumb_3371154_uploaded_image1_1633515720.jpg
Poule Barahmane;100000;M'bour, Sénégal;https://images.coinafrique.com/thumb_3370800_uploaded_image2_1633504872.jpeg
Couple poulet Brahmâ;50000;Dakar, Sénégal;https://images.coinafrique.com/thumb_3369356_uploaded_image1_1633438053.jpg
Pigeon Romain;85000;Dakar, Sénégal;https://images.coinafrique.com/thumb_3362871_uploaded_image1_1633116442.jpg
Poule Brahman Herminé;170000;Keur Massar, Sénégal;https://images.coinafrique.com/thumb_3357881_uploaded_image3_1632920077.jpeg
Poule Brahma hermnée;100000;Guediawaye, Dakar, Sénégal;https://images.coinafrique.com/thumb_3357145_uploaded_image1_1632869295.jpg
Pigeon Mondain;110000;Mbour, Sénégal;https://images.coinafrique.com/thumb_3353083_uploaded_image1_1632604432.jpg
Pigeons;50000;Mbour, Sénégal;https://images.coinafrique.com/thumb_3353071_uploaded_image1_1632603938.jpg
Pigeons;40000;Mbour, Sénégal;https://images.coinafrique.com/thumb_3353065_uploaded_image1_1632603690.jpg
Pigeon bajoura;50000;Mbour, Sénégal;https://images.coinafrique.com/thumb_3353059_uploaded_image1_1632603388.jpg
Poules;35000;Guediawaye, Dakar, Sénégal;https://images.coinafrique.com/thumb_3349405_uploaded_image2_1632391949.jpeg
Poules brahmanes;35000;Guediawaye, Dakar, Sénégal;https://images.coinafrique.com/thumb_3349401_uploaded_image1_1632391902.jpg
Poules Brahmanes;35000;Guediawaye, Dakar, Sénégal;https://images.coinafrique.com/thumb_3349397_uploaded_image2_1632391557.jpeg
Poules brahmanes;35000;Guediawaye, Dakar, Sénégal;https://images.coinafrique.com/thumb_3349394_uploaded_image1_1632391504.jpg
Poule;170000;Dakar, Sénégal;https://images.coinafrique.com/thumb_3348160_uploaded_image1_1632324869.jpg
Poulet de chair;2300;Guediawaye, Dakar, Sénégal;https://images.coinafrique.com/thumb_3337450_uploaded_image1_1631785546.jpg
502 Bad Gateway;170000;Adresse non renseignée;https://images.coinafrique.com/thumb_3334209_uploaded_image1_1631622270.jpg
502 Bad Gateway;170000;Adresse non renseignée;https://images.coinafrique.com/thumb_3333107_uploaded_image1_1631563838.jpg
502 Bad Gateway;170000;Adresse non renseignée;https://images.coinafrique.com/thumb_3325681_uploaded_image1_1631188256.jpg
Lapin nain;30000;Parcelle Assainies, Dakar, Sénégal;https://images.coinafrique.com/thumb_3322610_uploaded_image1_1631059644.jpg
Trio poussin coucou;30000;Dakar, Sénégal;https://images.coinafrique.com/thumb_3316809_uploaded_image1_1630785179.jpg
Poussin Brahmâ;20000;Dakar, Sénégal;https://images.coinafrique.com/thumb_3316806_uploaded_image1_1630785002.jpg
Poussin Brahma;20000;Dakar, Sénégal;https://images.coinafrique.com/thumb_3316797_uploaded_image1_1630784777.jpg
Lapereaux;17000;Pikine, Sénégal;https://images.coinafrique.com/thumb_3315445_uploaded_image1_1630722382.jpg
Poule Brahman;22000;Louga, Sénégal;https://images.coinafrique.com/thumb_3307095_uploaded_image1_1630430739.jpg
502 Bad Gateway;170000;Adresse non renseignée;https://images.coinafrique.com/thumb_3306481_uploaded_image1_1630411232.jpg
Pigeon Bullan;95000;Louga, Sénégal;https://images.coinafrique.com/thumb_3306474_uploaded_image1_1630410943.jpg
502 Bad Gateway;170000;Adresse non renseignée;https://images.coinafrique.com/thumb_3306464_uploaded_image1_1630410757.jpg
Pigeons Lahore;170000;Parcelle Assainies, Dakar, Sénégal;https://images.coinafrique.com/thumb_3305350_uploaded_image1_1630343789.jpg
Pigeons;50000;Kaolack, Sénégal;https://images.coinafrique.com/thumb_3302613_uploaded_image1_1630169095.jpg
502 Bad Gateway;170000;Adresse non renseignée;https://images.coinafrique.com/thumb_3290876_uploaded_image1_1629501810.jpg
502 Bad Gateway;170000;Adresse non renseignée;https://images.coinafrique.com/thumb_3286388_uploaded_image1_1629289139.jpg
Poules;3000;Dakar, Sénégal;https://images.coinafrique.com/thumb_3283632_uploaded_image1_1629152543.jpg
502 Bad Gateway;170000;Adresse non renseignée;https://images.coinafrique.com/thumb_3281225_uploaded_image2_1629034850.jpeg
Poulet cochin blanc;170000;Keur Massar, Sénégal;https://images.coinafrique.com/thumb_3281223_uploaded_image1_1629034748.jpg
502 Bad Gateway;170000;Adresse non renseignée;https://images.coinafrique.com/thumb_3278019_uploaded_image1_1628853028.jpg
502 Bad Gateway;170000;Adresse non renseignée;https://images.coinafrique.com/thumb_3259880_uploaded_image1_1628000666.jpg
Poussins Brahman Herminé;170000;Keur Massar, Sénégal;https://images.coinafrique.com/thumb_3248983_uploaded_image1_1627479441.jpg
Pigeon voyageur Meulman;10000;Dakar, Sénégal;https://images.coinafrique.com/thumb_3248657_uploaded_image1_1627469932.jpg
502 Bad Gateway;170000;Adresse non renseignée;https://images.coinafrique.com/thumb_3229235_uploaded_image1_1626304950.jpg
502 Bad Gateway;170000;Adresse non renseignée;https://images.coinafrique.com/thumb_3214815_uploaded_image1_1625661793.jpg
502 Bad Gateway;170000;Adresse non renseignée;https://images.coinafrique.com/thumb_3214014_uploaded_image1_1625618936.jpg
Lapin fauve de bourgogne;25000;Mbour, Sénégal;https://images.coinafrique.com/thumb_3202447_uploaded_image2_1625166857.jpeg
502 Bad Gateway;170000;Adresse non renseignée;https://images.coinafrique.com/thumb_3197088_uploaded_image1_1624966307.jpg
Coq Baramann;170000;Mbao, Dakar, Sénégal;https://images.coinafrique.com/thumb_3189768_uploaded_image1_1624544691.jpg
Lapin;35000;Guediawaye, Dakar, Sénégal;https://images.coinafrique.com/thumb_3187687_uploaded_image1_1624451192.jpg
Pigeon Monday;100000;Mbour, Sénégal;https://images.coinafrique.com/thumb_3177475_uploaded_image1_1623938929.jpg
Pignon Monday;175000;Mbour, Sénégal;https://images.coinafrique.com/thumb_3177465_uploaded_image1_1623938681.jpg
Poulet;170000;Grand Dakar, Dakar, Sénégal;https://images.coinafrique.com/thumb_3177358_uploaded_image1_1623935467.jpg
Poulet de chair;3000;Ouakam, Dakar, Sénégal;https://images.coinafrique.com/thumb_3175790_uploaded_image1_1623855618.jpg
Poules cou-nues;170000;Touba, Sénégal;https://images.coinafrique.com/thumb_3169649_uploaded_image1_1623581238.jpg
Poulets bleue d'hollande;170000;Touba, Sénégal;https://images.coinafrique.com/thumb_3169646_uploaded_image1_1623581136.jpg
Pigeon;170000;Joal Fadiouth, Sénégal;https://images.coinafrique.com/thumb_3167648_uploaded_image1_1623456119.jpg
Poulet de chair;2500;Sicap Liberté, Dakar, Sénégal;https://images.coinafrique.com/thumb_3165580_uploaded_image1_1623362561.jpg
Pintade;10000;Mbao, Dakar, Sénégal;https://images.coinafrique.com/thumb_3165007_uploaded_image1_1623340371.jpg
Poule Baraman;170000;Mbao, Dakar, Sénégal;https://images.coinafrique.com/thumb_3164881_uploaded_image1_1623336573.jpg
Lapereaux;15000;Pikine, Sénégal;https://images.coinafrique.com/thumb_3155590_uploaded_image1_1622927017.jpg
502 Bad Gateway;170000;Adresse non renseignée;https://images.coinafrique.com/thumb_3155585_uploaded_image1_1622926869.jpg
502 Bad Gateway;170000;Adresse non renseignée;https://images.coinafrique.com/thumb_3154953_uploaded_image2_1622902343.jpeg
502 Bad Gateway;170000;Adresse non renseignée;https://images.coinafrique.com/thumb_3152493_uploaded_image1_1622801692.jpg
Perroquet;40000;Keur Massar, Sénégal;https://images.coinafrique.com/thumb_3150902_uploaded_image1_1622730048.jpg
502 Bad Gateway;170000;Adresse non renseignée;https://images.coinafrique.com/thumb_3148596_uploaded_image1_1622649167.jpg
502 Bad Gateway;170000;Adresse non renseignée;https://images.coinafrique.com/thumb_3142583_uploaded_image2_1622471438.jpeg
Pigeons voyageurs;12000;Thies, Sénégal;https://images.coinafrique.com/thumb_3140949_uploaded_image1_1622373951.jpg
Coq Cochin blanc;35000;Thies, Sénégal;https://images.coinafrique.com/thumb_2850705_uploaded_image1_1608816820.jpg
502 Bad Gateway;170000;Adresse non renseignée;https://images.coinafrique.com/thumb_2849328_uploaded_image1_1608745484.jpg
Pigeon Mondain;170000;Rufisque, Sénégal;https://images.coinafrique.com/thumb_2838626_uploaded_image1_1608276056.jpg
Male cochin caïllouté;170000;Keur Massar, Sénégal;https://images.coinafrique.com/thumb_2824883_uploaded_image1_1607700865.jpg
502 Bad Gateway;170000;Adresse non renseignée;https://images.coinafrique.com/thumb_2813598_uploaded_image1_1607288329.jpg
Lapin nains;35000;Dakar, Sénégal;https://images.coinafrique.com/thumb_2787066_uploaded_image1_1606316714.jpg
502 Bad Gateway;170000;Adresse non renseignée;https://images.coinafrique.com/thumb_2777887_uploaded_image1_1605969642.jpg
502 Bad Gateway;170000;Adresse non renseignée;https://images.coinafrique.com/thumb_2771365_uploaded_image1_1605717090.jpg
502 Bad Gateway;170000;Adresse non renseignée;https://images.coinafrique.com/thumb_2753197_uploaded_image1_1605050172.jpg
Pigeon boulant pomeranie;60000;Mbao, Dakar, Sénégal;https://images.coinafrique.com/thumb_2753142_uploaded_image1_1605047412.jpg
Métisses boulan - mondain;25000;Louga, Sénégal;https://images.coinafrique.com/thumb_2747317_uploaded_image1_1604842927.jpg
Brahmane;35000;Louga, Sénégal;https://images.coinafrique.com/thumb_2747312_uploaded_image1_1604842724.jpg
502 Bad Gateway;170000;Adresse non renseignée;https://images.coinafrique.com/thumb_2743094_uploaded_image1_1604668932.jpg
Voyageurs à manteaux;30000;Cambérène, Dakar, Sénégal;https://images.coinafrique.com/thumb_2742963_uploaded_image1_1604666266.jpg
Pigeon mondain - pigeons texans;170000;Dakar, Sénégal;https://images.coinafrique.com/thumb_2742216_uploaded_image1_1604649341.jpg
Mondains blancs;200000;Cambérène, Dakar, Sénégal;https://images.coinafrique.com/thumb_2739851_uploaded_image1_1604571811.jpg
Lapin géant Flandre;170000;Hann Bel-Air, Dakar, Sénégal;https://images.coinafrique.com/thumb_2735556_uploaded_image1_1604425922.jpg
Pigeons frisés milanais;75000;Cambérène, Dakar, Sénégal;https://images.coinafrique.com/thumb_2728978_uploaded_image1_1604187368.jpg
Lapin / Géant de Flandre;40000;Hann Bel-Air, Dakar, Sénégal;https://images.coinafrique.com/thumb_2723627_uploaded_image1_1603897714.jpg
Poule Baraman;170000;Bargny, Sénégal;https://images.coinafrique.com/thumb_2712048_uploaded_image1_1603379295.jpg
Cochin caïllouté;170000;Keur Massar, Sénégal;https://images.coinafrique.com/thumb_2711749_uploaded_image1_1603372819.jpg
Cochin blanc;170000;Keur Massar, Sénégal;https://images.coinafrique.com/thumb_2711734_uploaded_image1_1603372455.jpg
Pigeon;100;Cambérène, Dakar, Sénégal;https://images.coinafrique.com/thumb_2697330_uploaded_image1_1602779150.jpg
Couple texan;35000;Keur Massar, Sénégal;https://images.coinafrique.com/thumb_2695680_uploaded_image1_1602716686.jpg
Pigeon;25000;Gibraltar, Dakar, Sénégal;https://images.coinafrique.com/thumb_2689453_uploaded_image1_1602511661.jpg
Poulet Cochin blanc;50000;Dakar, Sénégal;https://images.coinafrique.com/thumb_2687766_uploaded_image1_1602445033.jpg
Pigeons mâles king;55000;Dakar, Sénégal;https://images.coinafrique.com/thumb_2687762_uploaded_image1_1602444932.jpg
5 femelle - 1 mâle cochin;170000;Dakar, Sénégal;https://images.coinafrique.com/thumb_2685913_uploaded_image1_1602360787.jpg
Poulets;170000;Dakar, Sénégal;https://images.coinafrique.com/thumb_2685886_uploaded_image1_1602359909.jpg
Lapin métisse;10000;Keur Massar, Sénégal;https://images.coinafrique.com/thumb_2683357_uploaded_image1_1602258164.jpg
Brahmanes de pure race - peruches ondulés;25000;Dakar, Sénégal;https://images.coinafrique.com/thumb_2678983_uploaded_image1_1602106099.jpg
Poules;20000;Keur Massar, Sénégal;https://images.coinafrique.com/thumb_2673317_uploaded_image1_1601899857.jpg
Pigeons mondains;200000;Mbour, Sénégal;https://images.coinafrique.com/thumb_2663305_uploaded_image1_1601545362.jpg
Pigeons frisés milanais;1000;Cambérène, Dakar, Sénégal;https://images.coinafrique.com/thumb_2661323_uploaded_image1_1601466041.jpg
Pigeon - Couple Texen;35000;Mbao, Dakar, Sénégal;https://images.coinafrique.com/thumb_2655212_uploaded_image1_1601230092.jpg
Lapin géant Angoura;15000;Dakar, Sénégal;https://images.coinafrique.com/thumb_2644118_uploaded_image1_1600776918.jpg
Poule Cochin cailloutée;180000;Dakar, Sénégal;https://images.coinafrique.com/thumb_2641987_uploaded_image1_1600702005.jpg
Mondains standard 2019;170000;Dakar, Sénégal;https://images.coinafrique.com/thumb_2640136_uploaded_image1_1600630061.jpg
Pigeons voyageurs;170000;Cambérène, Dakar, Sénégal;https://images.coinafrique.com/thumb_2640132_uploaded_image1_1600629959.jpg
Lapins nains;35000;Parcelle Assainies, Dakar, Sénégal;https://images.coinafrique.com/thumb_2640044_uploaded_image1_1600626910.jpg
Lapins nains;30000;Parcelle Assainies, Dakar, Sénégal;https://images.coinafrique.com/thumb_2640033_uploaded_image1_1600626505.jpg
Poulets brahman;25000;Guediawaye, Dakar, Sénégal;https://images.coinafrique.com/thumb_2631399_uploaded_image1_1600290648.jpg
Couple Texan;45000;Mbao, Dakar, Sénégal;https://images.coinafrique.com/thumb_2627818_uploaded_image1_1600179722.jpg
Poule rouge & bleus d'Hollande;10000;Thies, Sénégal;https://images.coinafrique.com/thumb_2625194_uploaded_image1_1600090474.jpg
Pigeon voyageur;170000;Keur Massar, Sénégal;https://images.coinafrique.com/thumb_2621772_uploaded_image1_1599939192.jpg
Pigeons Boulant De Saxe adultes;40000;Guediawaye, Dakar, Sénégal;https://images.coinafrique.com/thumb_2617019_uploaded_image1_1599763487.jpg
Couple Texan;55000;Mbao, Dakar, Sénégal;https://images.coinafrique.com/thumb_2615679_uploaded_image1_1599734824.jpg
Couple texan;45000;Mbao, Dakar, Sénégal;https://images.coinafrique.com/thumb_2608792_uploaded_image1_1599519768.jpg
Paire Cohen Barman;65000;Ndiass, Sénégal;https://images.coinafrique.com/thumb_2605030_uploaded_image1_1599401534.jpg
Pigeon ordinaire;1000;Mbour, Sénégal;https://images.coinafrique.com/thumb_2604620_uploaded_image1_1599388255.jpg
Pigeon voyageur;4000;Ouakam, Dakar, Sénégal;https://images.coinafrique.com/thumb_2600934_uploaded_image1_1599238239.jpg
Bramah  - hermineh  -frises blancs;25000;Sicap Liberté, Dakar, Sénégal;https://images.coinafrique.com/thumb_2591465_uploaded_image1_1598970772.jpg
Poussins;170000;Keur Massar, Sénégal;https://images.coinafrique.com/thumb_2586569_uploaded_image1_1598802371.jpg
Poulets;3000;Dakar, Sénégal;https://images.coinafrique.com/thumb_2577823_uploaded_image1_1598451435.jpg
Poules Brahman;15000;Keur Massar, Sénégal;https://images.coinafrique.com/thumb_2572060_uploaded_image1_1598279843.jpg
Pigeons cravaté chinois;15000;Keur Massar, Sénégal;https://images.coinafrique.com/thumb_2566760_uploaded_image1_1598102409.jpg
Pigeons dragon blanc sec & voyageur;15000;Keur Massar, Sénégal;https://images.coinafrique.com/thumb_2561021_uploaded_image1_1597934615.jpg
Brahman colombia;170000;Keur Massar, Sénégal;https://images.coinafrique.com/thumb_2560354_uploaded_image1_1597924245.jpg
Lapin nain;35000;Parcelle Assainies, Dakar, Sénégal;https://images.coinafrique.com/thumb_2541523_uploaded_image1_1597358026.jpg
Lapin nain;30000;Parcelle Assainies, Dakar, Sénégal;https://images.coinafrique.com/thumb_2541503_uploaded_image1_1597357353.jpg
Pigeons;170000;Mboro, Sénégal;https://images.coinafrique.com/thumb_2521008_uploaded_image1_1596768507.jpg
Poulet - oeuf;170000;Hann Bel-Air, Dakar, Sénégal;https://images.coinafrique.com/thumb_2516606_uploaded_image1_1596653482.jpg
Pigeon allemand;50000;Mbao, Dakar, Sénégal;https://images.coinafrique.com/thumb_2516109_uploaded_image1_1596644250.jpg
Poussins brahman colombia;170000;Keur Massar, Sénégal;https://images.coinafrique.com/thumb_2513890_uploaded_image1_1596608950.jpg
Paons;5000;Mbao, Dakar, Sénégal;https://images.coinafrique.com/thumb_2511822_uploaded_image1_1596551448.jpg
Pigeon voyageur;7000;Mbao, Dakar, Sénégal;https://images.coinafrique.com/thumb_2507523_uploaded_image1_1596456276.jpg
Pigeon voyageur;7000;Mbao, Dakar, Sénégal;https://images.coinafrique.com/thumb_2505095_uploaded_image1_1596378141.jpg
Lapin femelle;25000;Fass, Dakar, Sénégal;https://images.coinafrique.com/thumb_2501399_uploaded_image1_1596221963.jpg
Pigeon boulant de pomerani mâle;50000;Guediawaye, Dakar, Sénégal;https://images.coinafrique.com/thumb_2499730_uploaded_image1_1596141952.jpg
Pigeon voyageur;170000;Dakar, Sénégal;https://images.coinafrique.com/thumb_2463056_uploaded_image1_1595273844.jpg
Poussîns;480;Dakar Plateau, Dakar, Sénégal;https://images.coinafrique.com/thumb_2455108_uploaded_image1_1595083998.jpg
Poulet;3000;Patte d'oie, Dakar, Sénégal;https://images.coinafrique.com/thumb_2450669_uploaded_image1_1594987392.jpg
Lapins;20000;Keur Massar, Sénégal;https://images.coinafrique.com/thumb_2429419_uploaded_image1_1594546501.jpg
Pigeons;40000;Mbour, Sénégal;https://images.coinafrique.com/thumb_2421679_uploaded_image1_1594369562.jpg
Poussin brahmane;12500;Dakar, Sénégal;https://images.coinafrique.com/thumb_2421069_uploaded_image1_1594340902.jpg
Poussins Brahman;170000;Keur Massar, Sénégal;https://images.coinafrique.com/thumb_2397001_uploaded_image1_1593963655.jpg
Cailles;12500;Keur Massar, Sénégal;https://images.coinafrique.com/thumb_2394348_uploaded_image1_1593899461.jpg
Colvert;25000;Keur Massar, Sénégal;https://images.coinafrique.com/thumb_2373373_uploaded_image1_1593556758.jpg
Poule de race;15000;Dakar, Sénégal;https://images.coinafrique.com/thumb_2351149_uploaded_image1_1593181470.jpg
Lapins;50000;Dakar, Sénégal;https://images.coinafrique.com/thumb_2349641_uploaded_image1_1593167061.jpg
Poules bleu Hollande;2000;Diourbel, Sénégal;https://images.coinafrique.com/thumb_2336310_uploaded_image1_1592955606.jpg
Lince;70000;Dakar, Sénégal;https://images.coinafrique.com/thumb_2323612_uploaded_image1_1592765525.jpg
Pigeons;70000;Dakar, Sénégal;https://images.coinafrique.com/thumb_2323545_uploaded_image1_1592764300.jpg
Paon - pigeon;35000;Dakar, Sénégal;https://images.coinafrique.com/thumb_2323541_uploaded_image1_1592764212.jpg
Poussins Brahmane blanc;10000;Dakar, Sénégal;https://images.coinafrique.com/thumb_2321103_uploaded_image1_1592726101.jpg
Pigeons;60000;Dakar, Sénégal;https://images.coinafrique.com/thumb_2321099_uploaded_image1_1592725966.jpg
Cauchoix pair;70000;Dakar, Sénégal;https://images.coinafrique.com/thumb_2321095_uploaded_image1_1592725829.jpg
Lapin - lapereaux;20000;Parcelle Assainies, Dakar, Sénégal;https://images.coinafrique.com/thumb_2297368_uploaded_image1_1592352689.jpg
Poulet de chair;3000;Mbour, Sénégal;https://images.coinafrique.com/thumb_2289615_uploaded_image1_1592241607.jpg
Poulet;40000;Dakar, Sénégal;https://images.coinafrique.com/thumb_2284393_uploaded_image1_1592163359.jpg
Poules;40000;Dakar, Sénégal;https://images.coinafrique.com/thumb_2284382_uploaded_image1_1592163164.jpg
Cochin;40000;Dakar, Sénégal;https://images.coinafrique.com/thumb_2283654_uploaded_image1_1592152413.jpg
Cochin coucou;40000;Dakar, Sénégal;https://images.coinafrique.com/thumb_2283626_uploaded_image1_1592152112.jpg
Culbita rakovni;40000;Mermoz-Sacré-Cœur, Dakar, Sénégal;https://images.coinafrique.com/thumb_2270078_uploaded_image1_1591913628.5.jpeg
Couple bramane productrice;65000;Rufisque, Sénégal;https://images.coinafrique.com/thumb_2263150_uploaded_image1_1591826889.jpg
Jeunes mâles brahman;170000;Keur Massar, Sénégal;https://images.coinafrique.com/thumb_2258568_uploaded_image1_1591778766.jpg
Poussin brahmane;12500;Dakar, Sénégal;https://images.coinafrique.com/thumb_2257189_uploaded_image1_1591743386.jpg
Poussin brahmane;12500;Dakar, Sénégal;https://images.coinafrique.com/thumb_2257183_uploaded_image1_1591743270.jpg
Lapins;15000;Dakar, Sénégal;https://images.coinafrique.com/thumb_2229912_uploaded_image1_1591309427.jpg
Lapins Angora française;15000;HLM, Dakar, Sénégal;https://images.coinafrique.com/thumb_2223516_uploaded_image1_1591222379.jpg
Lapin;20000;Parcelle Assainies, Dakar, Sénégal;https://images.coinafrique.com/thumb_2221541_uploaded_image1_1591196081.jpg
Lapin;15000;Parcelle Assainies, Dakar, Sénégal;https://images.coinafrique.com/thumb_2221308_uploaded_image1_1591193544.jpg
poulet;2500;Parcelle Assainies, Dakar, Sénégal;https://images.coinafrique.com/thumb_2218341_uploaded_image1_1591159723.jpg
Pigeon lavande;35000;Cambérène, Dakar, Sénégal;https://images.coinafrique.com/thumb_2203490_uploaded_image1_1590929887.jpg
Poulet mâle;2200;Keur Massar, Sénégal;https://images.coinafrique.com/thumb_2172605_uploaded_image1_1590453736.jpg
Poulet;3000;Dakar Plateau, Dakar, Sénégal;https://images.coinafrique.com/thumb_2132014_uploaded_image1_1589793253.jpg
Poulet Bleu hollandais;30000;Keur Massar, Sénégal;https://images.coinafrique.com/thumb_2106379_uploaded_image1_1589378473.jpg
Couple Pigeon Cravate;30000;Cambérène, Dakar, Sénégal;https://images.coinafrique.com/thumb_2082389_uploaded_image1_1588989025.jpg
Poulet;4200;Dakar, Sénégal;https://images.coinafrique.com/thumb_2021584_uploaded_image1_1588073587.jpg
Poulets à vendre et oeufs;2200;Keur Massar, Sénégal;https://images.coinafrique.com/thumb_2002375_uploaded_image1_1587741273.jpg
Poulets;3000;Dakar, Sénégal;https://images.coinafrique.com/thumb_2001942_uploaded_image2_1587735661.98.jpeg
Oie;35000;Dakar, Sénégal;https://images.coinafrique.com/thumb_1997244_uploaded_image1_1587667066.jpg
Couple Laor;50000;Dakar, Sénégal;https://images.coinafrique.com/thumb_1995210_uploaded_image1_1587646147.jpg
Couple  Laor;50000;Dakar, Sénégal;https://images.coinafrique.com/thumb_1995183_uploaded_image1_1587645917.jpg
Pigeons;50000;Dakar, Sénégal;https://images.coinafrique.com/thumb_1995134_uploaded_image1_1587645507.jpg
Couple Laor;50000;Dakar, Sénégal;https://images.coinafrique.com/thumb_1995115_uploaded_image1_1587645382.jpg
Pigeon;35000;Guediawaye, Dakar, Sénégal;https://images.coinafrique.com/thumb_1992182_uploaded_image1_1587592805.jpg
Poussins  brahman colombia;170000;Keur Massar, Sénégal;https://images.coinafrique.com/thumb_1990096_uploaded_image1_1587571540.jpg
Poulets de chair;2500;Dieuppeul-Derklé, Dakar, Sénégal;https://images.coinafrique.com/thumb_1988804_uploaded_image1_1587553659.jpg
Couple Brahman;170000;Keur Massar, Sénégal;https://images.coinafrique.com/thumb_1975396_uploaded_image1_1587342507.59.jpeg
Poussins nés le 8 avril;650;Saly, Sénégal;https://images.coinafrique.com/thumb_1971696_uploaded_image1_1587287294.47.jpeg
Poulets;2400;Dakar, Sénégal;https://images.coinafrique.com/thumb_1963033_uploaded_image1_1587140018.16.jpeg
Poulets;2400;Dakar, Sénégal;https://images.coinafrique.com/thumb_1963021_uploaded_image1_1587139946.35.jpeg
Poulets de chairs;2500;Dakar, Sénégal;https://images.coinafrique.com/thumb_1934126_uploaded_image1_1586708547.66.png
Poulets;2750;Dakar, Sénégal;https://images.coinafrique.com/thumb_1918730_uploaded_image1_1586442251.23.png
Lapins;170000;Dieuppeul-Derklé, Dakar, Sénégal;https://images.coinafrique.com/thumb_1913175_uploaded_image1_1586355015.48.png
Orpington;30000;Mermoz-Sacré-Cœur, Dakar, Sénégal;https://images.coinafrique.com/thumb_1913036_uploaded_image1_1586352896.21.png
Poulet;3000;Dakar, Sénégal;https://images.coinafrique.com/thumb_1907954_uploaded_image1_1586270049.67.png
Coq Orpitone;30000;Mermoz-Sacré-Cœur, Dakar, Sénégal;https://images.coinafrique.com/thumb_1890489_uploaded_image1_1585937996.82.png
Pigeons King;35000;Mermoz-Sacré-Cœur, Dakar, Sénégal;https://images.coinafrique.com/thumb_1890193_uploaded_image1_1585934383.75.png
Pigeons Laor;40000;Mermoz-Sacré-Cœur, Dakar, Sénégal;https://images.coinafrique.com/thumb_1890181_uploaded_image1_1585934252.04.png
Pigeons;30000;Mermoz-Sacré-Cœur, Dakar, Sénégal;https://images.coinafrique.com/thumb_1890093_uploaded_image1_1585933267.84.png
Pigeon paon;40000;Mermoz-Sacré-Cœur, Dakar, Sénégal;https://images.coinafrique.com/thumb_1890068_uploaded_image1_1585932988.65.png
Poulet de chair;2500;Keur Massar, Sénégal;https://images.coinafrique.com/thumb_1888745_uploaded_image1_1585919292.3.png
Pigeons Mondain / boulan;170000;Louga, Sénégal;https://images.coinafrique.com/thumb_1856511_uploaded_image1_1585321343.73.png
Poulet de chair;3000;Rufisque, Sénégal;https://images.coinafrique.com/thumb_1842198_uploaded_image1_1585068914.59.png
Pigeon voyageur;13000;Dakar-Plateau, Dakar, Sénégal;https://images.coinafrique.com/thumb_1831100_uploaded_image1_1584866055.19.png
Pigeon voyageur;13000;Dakar-Plateau, Dakar, Sénégal;https://images.coinafrique.com/thumb_1831098_uploaded_image1_1584866026.02.png
Cop Brahma;40000;Parcelle Assainies, Dakar, Sénégal;https://images.coinafrique.com/thumb_1812172_uploaded_image1_1584528622.9.png
Poulet de chair;2700;Sénégal;https://images.coinafrique.com/thumb_1804847_uploaded_image1_1584408926.38.png
Paon indien;30000;Keur Massar, Sénégal;https://images.coinafrique.com/thumb_1804679_uploaded_image1_1584402291.56.png
Pigeon texan - Paon indien;60000;Dakar, Sénégal;https://images.coinafrique.com/thumb_1804522_uploaded_image1_1584398352.13.png
Pigeon texan paon indien;60000;Grand Yoff, Dakar, Sénégal;https://images.coinafrique.com/thumb_1804515_uploaded_image1_1584398280.63.png
Mâle bantam;20000;Keur Massar, Sénégal;https://images.coinafrique.com/thumb_1773437_uploaded_image1_1583858452.61.png
Lapin Angora;25000;Thies Nord, Thiès, Sénégal;https://images.coinafrique.com/thumb_1732205_uploaded_image1_1583152160.0.png
Coq;25000;Les Parcelles Assainies, Dakar, Sénégal;https://images.coinafrique.com/thumb_1723625_uploaded_image1_1582972350.31.png
Poussin Orpington;5000;Dakar, Sénégal;https://images.coinafrique.com/thumb_1716103_uploaded_image1_1582837127.36.png
Pigeons;65000;Dakar-Plateau, Dakar, Sénégal;https://images.coinafrique.com/thumb_1712742_uploaded_image1_1582798028.37.png
Coq Orpington Fauve;35000;Louga, Sénégal;https://images.coinafrique.com/thumb_1699722_uploaded_image1_1582581938.31.png
Paon;250000;Dakar, Sénégal;https://images.coinafrique.com/thumb_1691196_uploaded_image1_1582420837.2.png
Lapin métissé;10000;Dakar, Sénégal;https://images.coinafrique.com/thumb_1687460_uploaded_image1_1582336381.54.png
Blond Panoramin;40000;Guediawaye, Dakar, Sénégal;https://images.coinafrique.com/thumb_1654385_uploaded_image1_1581775358.47.png
Poule;55000;Keur Massar, Sénégal;https://images.coinafrique.com/thumb_1645136_uploaded_image1_1581608040.8.png
Femelle cochin bleu;30000;Les Parcelles Assainies, Dakar, Sénégal;https://images.coinafrique.com/thumb_1599500_uploaded_image1_1580916087.86.png
Oies;90000;Keur Massar, Sénégal;https://images.coinafrique.com/thumb_1584132_uploaded_image2_1580714620.25.png
Couple Cochin;170000;Keur Massar, Sénégal;https://images.coinafrique.com/thumb_1577201_uploaded_image1_1580561085.8.png
Poulet;40000;Hann Bel-Air, Dakar, Sénégal;https://images.coinafrique.com/thumb_1521236_uploaded_image1_1579695858.03.png
Males Bantam de Pékin;15000;Keur Massar, Sénégal;https://images.coinafrique.com/thumb_1480111_uploaded_image1_1579028647.6.png
Poule;35000;Hann Bel-Air, Dakar, Sénégal;https://images.coinafrique.com/thumb_1461888_uploaded_image1_1578719186.99.png
Poussin hermine - 7 jours;15000;Sénégal;https://images.coinafrique.com/thumb_1432855_uploaded_image1_1578928555.77.png
Poulet de race;40000;Dakar, Sénégal;https://images.coinafrique.com/thumb_1417714_uploaded_image1_1577970779.66.png
Brahmane;50000;Keur Massar, Sénégal;https://images.coinafrique.com/thumb_1415899_uploaded_image1_1577916626.18.png
Trio Bantam de Pékin;60000;Keur Massar, Sénégal;https://images.coinafrique.com/thumb_1415870_uploaded_image1_1577915713.92.png
Oeuf fécondé;240;Dakar, Sénégal;https://images.coinafrique.com/thumb_1365452_uploaded_image1_1576790350.48.png
Canards;5000;Mermoz-Sacré-Cœur, Dakar, Sénégal;https://images.coinafrique.com/thumb_1346042_uploaded_image1_1576463783.33.png
Dinde d'Amérique;170000;Dakar, Sénégal;https://images.coinafrique.com/thumb_1346036_uploaded_image1_1576462750.49.png
Lapin;25000;Grand Yoff, Dakar, Sénégal;https://images.coinafrique.com/thumb_1291244_uploaded_image1_1575430604.21.png
Lapins de race;70000;Guediawaye, Dakar, Sénégal;https://images.coinafrique.com/thumb_1291215_uploaded_image1_1575425694.27.png
Lapins de race;70000;Guediawaye, Dakar, Sénégal;https://images.coinafrique.com/thumb_1291213_uploaded_image1_1575425609.27.png
Lapereaux fauve;170000;Ngor, Dakar, Sénégal;https://images.coinafrique.com/thumb_1261253_uploaded_image1_1574871227.98.png
Pigeon mondain;20000;Mermoz-Sacré-Cœur, Dakar, Sénégal;https://images.coinafrique.com/thumb_1247406_uploaded_image1_1574631655.88.png
Pigeon fauve;10000;Mermoz-Sacré-Cœur, Dakar, Sénégal;https://images.coinafrique.com/thumb_1246480_uploaded_image1_1574613561.29.png
Pigeon à queue de paon indien;20000;Dakar, Sénégal;https://images.coinafrique.com/thumb_1242200_uploaded_image1_1574510941.51.png
Pigeons;60000;Pikine, Sénégal;https://images.coinafrique.com/thumb_1209192_uploaded_image1_1573933592.0.png
Jeune femelle  lavande;20000;Les Parcelles Assainies, Dakar, Sénégal;https://images.coinafrique.com/thumb_1204935_uploaded_image1_1573840898.61.png
Poussin - 1 jour;170000;Sénégal;https://images.coinafrique.com/thumb_1159518_uploaded_image1_1572985208.46.png
Lawar;30000;Mermoz-Sacré-Cœur, Dakar, Sénégal;https://images.coinafrique.com/thumb_1148681_uploaded_image1_1572794832.68.png
Maton;25000;Mermoz-Sacré-Cœur, Dakar, Sénégal;https://images.coinafrique.com/thumb_1148605_uploaded_image1_1572793285.71.png
Poulets Guinars tiirr;170000;Patte d'oie, Dakar, Sénégal;https://images.coinafrique.com/thumb_1146827_uploaded_image2_1572746441.92.png
Pigeons;170000;Fatick, Sénégal;https://images.coinafrique.com/thumb_1137405_uploaded_image2_1572537461.89.png
Bleu hollandais;25000;Sénégal;https://images.coinafrique.com/thumb_1115010_uploaded_image1_1572106167.81.png
Couple pigeons cravatés français;50000;Cambérène, Dakar, Sénégal;https://images.coinafrique.com/thumb_1112720_uploaded_image1_1572054298.36.png
Pigeon links;170000;Diourbel, Sénégal;https://images.coinafrique.com/thumb_1091921_uploaded_image1_1571681099.26.png
Lapin géant des Flandres;35000;Mermoz-Sacré Coeur, Dakar, Sénégal;https://images.coinafrique.com/thumb_1072763_uploaded_image1_1571252694.33.png
Perroquet;75000;Hann Bel-Air, Dakar, Sénégal;https://images.coinafrique.com/thumb_1040990_uploaded_image1_1570583700.42.png
Lapin géant;45000;Yoff, Dakar, Sénégal;https://images.coinafrique.com/thumb_1023073_uploaded_image1_1570188340.15.png
Lapin angora californien;15000;Mermoz-Sacré-Cœur, Dakar, Sénégal;https://images.coinafrique.com/thumb_1014679_uploaded_image1_1570023780.43.png
Pigeon voyageur;20000;Grand Yoff, Dakar, Sénégal;https://images.coinafrique.com/thumb_1006424_uploaded_image1_1569854764.54.png
Pigeon voyageur;25000;Grand Yoff, Dakar, Sénégal;https://images.coinafrique.com/thumb_1006413_uploaded_image1_1569854645.39.png
Pigeon voyageur;20000;Grand Yoff, Dakar, Sénégal;https://images.coinafrique.com/thumb_1006407_uploaded_image1_1569854536.38.png
Bleus d'hollande;15000;Hann Bel-Air, Dakar, Sénégal;https://images.coinafrique.com/thumb_1006380_uploaded_image1_1569854064.06.png
Brahmane poules;35000;Hann Bel-Air, Dakar, Sénégal;https://images.coinafrique.com/thumb_1006369_uploaded_image1_1569853974.38.png
Lapins angora californien;11000;Médina, Dakar, Sénégal;https://images.coinafrique.com/thumb_993655_uploaded_image1_1569535990.77.png
Poules;7000;Sénégal;https://images.coinafrique.com/thumb_977534_uploaded_image1_1569239272.43.png
Paons Pigeons;30000;Guediawaye, Dakar, Sénégal;https://images.coinafrique.com/thumb_968953_uploaded_image1_1569008082.81.png
Poulet - Pigeon  - Lapin;170000;Sénégal;https://images.coinafrique.com/thumb_944363_uploaded_image1_1568471599.26.png
Bouldolande;7000;Dieuppeul-Derklé, Dakar, Sénégal;https://images.coinafrique.com/thumb_944280_uploaded_image1_1568469542.41.png
Poussins Bantam;8000;Keur Massar, Sénégal;https://images.coinafrique.com/thumb_912493_uploaded_image1_1567685916.85.png
Poulet de chair;170000;Pikine, Sénégal;https://images.coinafrique.com/thumb_908730_uploaded_image1_1567603082.63.png
Femelle Cochin bleu;30000;Dakar, Sénégal;https://images.coinafrique.com/thumb_899496_uploaded_image1_1567386467.81.png
Barahmane;15000;Dakar, Sénégal;https://images.coinafrique.com/thumb_899487_uploaded_image1_1567386142.96.png
Poussins bantam;15000;Dakar, Sénégal;https://images.coinafrique.com/thumb_899477_uploaded_image1_1567385912.28.png
Coq;30000;Dakar, Sénégal;https://images.coinafrique.com/thumb_899472_uploaded_image1_1567385639.81.png
Poulet de chair;2500;Sénégal;https://images.coinafrique.com/thumb_886584_uploaded_image1_1567011994.0.png
Coqs et poussins;800;Sénégal;https://images.coinafrique.com/thumb_886578_uploaded_image1_1567011857.49.png
Poulet de chair;2500;Dakar, Sénégal;https://images.coinafrique.com/thumb_885789_uploaded_image1_1566997710.07.png
Lapin nain noir adulte;10000;Médina, Dakar, Sénégal;https://images.coinafrique.com/thumb_878312_uploaded_image1_1566833445.3.png
Femelle GDF 4 mois;70000;Médina, Dakar, Sénégal;https://images.coinafrique.com/thumb_862099_uploaded_image1_1566396428.28.png
Race bleu d' hollande;800;Sénégal;https://images.coinafrique.com/thumb_858710_uploaded_image1_1566319546.08.png
Coq et poussins bleus;15000;Sénégal;https://images.coinafrique.com/thumb_855420_uploaded_image1_1566249496.28.png
Lapin Buchka;7000;Yoff, Dakar, Sénégal;https://images.coinafrique.com/thumb_848961_uploaded_image1_1566052780.75.png
Coqs Brahmane;5000;Thies Ouest, Thiès, Sénégal;https://images.coinafrique.com/thumb_841858_uploaded_image1_1565838064.66.png
Poulet de chair;2000;Guediawaye, Dakar, Sénégal;https://images.coinafrique.com/thumb_798654_uploaded_image2_1564576617.9.png
Lapins;40000;Dakar, Sénégal;https://images.coinafrique.com/thumb_774940_uploaded_image1_1563940703.34.png
Lapin géant;70000;Mbour, Sénégal;https://images.coinafrique.com/thumb_761183_uploaded_image1_1563536095.25.png
Lapins et lapereaux angora Californien;170000;Médina, Dakar, Sénégal;https://images.coinafrique.com/thumb_729715_uploaded_image1_1562719494.94.png
Poulet de chair;3000;Grand Yoff, Dakar, Sénégal;https://images.coinafrique.com/thumb_729710_uploaded_image1_1562719384.82.png
Dinde d'Amérique;170000;Medina, Dakar, Sénégal;https://images.coinafrique.com/thumb_729692_uploaded_image1_1562719154.82.png
