Nom;Prix;Adresse;Categorie;Image_lien
Perruches;Prix sur demande;Point E, Dakar, Sénégal;Autres animaux;background-image:url(https://images.coinafrique.com/thumb_751123_uploaded_image1_1563297186.25.png)
Carpe Koï Japonaise ( Aquarium);50 000 CFA;Dakar-Plateau, Dakar, Sénégal;Autres animaux;background-image:url(https://images.coinafrique.com/thumb_827220_uploaded_image1_1565349629.12.png)
Perruches;Prix sur demande;Sénégal;Autres animaux;background-image:url(https://images.coinafrique.com/thumb_845280_uploaded_image1_1565952077.54.png)
Bœuf;400 000 CFA;Guediawaye, Dakar, Sénégal;Autres animaux;background-image:url(https://images.coinafrique.com/thumb_885779_uploaded_image2_1566997623.56.png)
Chèvre Balami;200 000 CFA;Saint Louis, Sénégal;Autres animaux;background-image:url(https://images.coinafrique.com/thumb_917895_uploaded_image1_1567801722.96.png)
Verrat de race Large white;200 000 CFA;Sénégal;Autres animaux;background-image:url(https://images.coinafrique.com/thumb_929881_uploaded_image1_1568141260.81.png)
Caille;1 000 CFA;Grand Yoff, Dakar, Sénégal;Autres animaux;background-image:url(https://images.coinafrique.com/thumb_931708_uploaded_image1_1568194736.45.png)
Mouton ladoum pure sang;Prix sur demande;Sénégal;Autres animaux;background-image:url(https://images.coinafrique.com/thumb_1011139_uploaded_image1_1569950027.26.png)
Boeuf;Prix sur demande;Dakar, Sénégal;Autres animaux;background-image:url(https://images.coinafrique.com/thumb_1129419_uploaded_image1_1572391697.86.png)
Paon bleu;Prix sur demande;Parcelle Assainies, Dakar, Sénégal;Autres animaux;background-image:url(https://images.coinafrique.com/thumb_1310387_uploaded_image1_1575790267.47.png)
Oies;60 000 CFA;Fass, Dakar, Sénégal;Autres animaux;background-image:url(https://images.coinafrique.com/thumb_1311792_uploaded_image1_1575817543.97.png)
Oies;Prix sur demande;Fass, Dakar, Sénégal;Autres animaux;background-image:url(https://images.coinafrique.com/thumb_1322739_uploaded_image1_1576006817.07.png)
Cailles;12 000 CFA;Mermoz-Sacré-Cœur, Dakar, Sénégal;Autres animaux;background-image:url(https://images.coinafrique.com/thumb_1376905_uploaded_image1_1577034747.91.png)
Perruches;Prix sur demande;Dakar, Sénégal;Autres animaux;background-image:url(https://images.coinafrique.com/thumb_1389654_uploaded_image1_1577304861.89.png)
Oiseaux exotiques;20 000 CFA;Dakar, Sénégal;Autres animaux;background-image:url(https://images.coinafrique.com/thumb_1393968_uploaded_image1_1577393598.45.png)
Perruches;Prix sur demande;Mermoz-Sacré-Cœur, Dakar, Sénégal;Autres animaux;background-image:url(https://images.coinafrique.com/thumb_1395598_uploaded_image1_1577437294.33.png)
Perruches;Prix sur demande;Dakar, Sénégal;Autres animaux;background-image:url(https://images.coinafrique.com/thumb_1395711_uploaded_image1_1577438640.7.png)
Oies de guinée;Prix sur demande;Thies, Sénégal;Autres animaux;background-image:url(https://images.coinafrique.com/thumb_1417652_uploaded_image1_1577968881.34.png)
Cheval;400 000 CFA;Fatick, Sénégal;Autres animaux;background-image:url(https://images.coinafrique.com/thumb_1421196_uploaded_image1_1578050637.48.png)
Cheval;400 000 CFA;Fatick, Sénégal;Autres animaux;background-image:url(https://images.coinafrique.com/thumb_1421206_uploaded_image2_1578050744.82.png)
Oies toulouse;Prix sur demande;Fass, Dakar, Sénégal;Autres animaux;background-image:url(https://images.coinafrique.com/thumb_1428089_uploaded_image1_1578172839.3.png)
Perruches;Prix sur demande;Mermoz-Sacré-Cœur, Dakar, Sénégal;Autres animaux;background-image:url(https://images.coinafrique.com/thumb_1441558_uploaded_image1_1578406878.24.png)
Perruches;Prix sur demande;Point E, Dakar, Sénégal;Autres animaux;background-image:url(https://images.coinafrique.com/thumb_1453830_uploaded_image1_1578583361.91.png)
Perruches;Prix sur demande;Point E, Dakar, Sénégal;Autres animaux;background-image:url(https://images.coinafrique.com/thumb_1453837_uploaded_image1_1578583493.67.png)
Biscuit en poudre pour betail;4 000 CFA;Patte d'oie, Dakar, Sénégal;Autres animaux;background-image:url(https://images.coinafrique.com/thumb_1459836_uploaded_image1_1578670978.71.png)
Dindes - canards et colverts;Prix sur demande;Dakar, Sénégal;Autres animaux;background-image:url(https://images.coinafrique.com/thumb_1490889_uploaded_image1_1579188174.8.png)
Bœuf;700 000 CFA;Saint Louis, Sénégal;Autres animaux;background-image:url(https://images.coinafrique.com/thumb_1495773_uploaded_image1_1579276951.77.png)
Vaches;275 000 CFA;Rufisque, Sénégal;Autres animaux;background-image:url(https://images.coinafrique.com/thumb_1500655_uploaded_image1_1579358078.9.png)
Couple de chèvre;Prix sur demande;Dakar, Sénégal;Autres animaux;background-image:url(https://images.coinafrique.com/thumb_1521675_uploaded_image1_1579700066.65.png)
Boeufs;750 000 CFA;Tambacounda, Sénégal;Autres animaux;background-image:url(https://images.coinafrique.com/thumb_1544433_uploaded_image1_1580089804.86.png)
Chat siamois;350 000 CFA;Dakar, Sénégal;Autres animaux;background-image:url(https://images.coinafrique.com/thumb_1825906_uploaded_image2_1584739800.55.png)
Dindon rouge;30 000 CFA;Mermoz-Sacré-Cœur, Dakar, Sénégal;Autres animaux;background-image:url(https://images.coinafrique.com/thumb_1890125_uploaded_image1_1585933665.81.png)
Perruches;Prix sur demande;Fann, Dakar, Sénégal;Autres animaux;background-image:url(https://images.coinafrique.com/thumb_1934309_uploaded_image1_1586712626.03.png)
Chaton Persan;Prix sur demande;Fann, Dakar, Sénégal;Autres animaux;background-image:url(https://images.coinafrique.com/thumb_1935403_uploaded_image1_1586726495.69.png)
Vaches;Prix sur demande;Diourbel, Sénégal;Autres animaux;background-image:url(https://images.coinafrique.com/thumb_1935629_uploaded_image1_1586731094.02.png)
Bœufs;Prix sur demande;Diourbel, Sénégal;Autres animaux;background-image:url(https://images.coinafrique.com/thumb_1954085_uploaded_image1_1587026162.65.jpeg)
Chaton;Prix sur demande;Fann, Dakar, Sénégal;Autres animaux;background-image:url(https://images.coinafrique.com/thumb_1962491_uploaded_image1_1587134135.76.jpeg)
Chaton persan blanc;Prix sur demande;Fann, Dakar, Sénégal;Autres animaux;background-image:url(https://images.coinafrique.com/thumb_2052355_uploaded_image1_1588568181.jpg)
Chèvre Race Boer;650 000 CFA;Patte d'oie, Dakar, Sénégal;Autres animaux;background-image:url(https://images.coinafrique.com/thumb_2061898_uploaded_image1_1588694077.jpg)
Boeuf;Prix sur demande;Sicap Liberté, Dakar, Sénégal;Autres animaux;background-image:url(https://images.coinafrique.com/thumb_2088141_uploaded_image1_1589099089.jpg)
Boeuf;Prix sur demande;Fann, Dakar, Sénégal;Autres animaux;background-image:url(https://images.coinafrique.com/thumb_2101700_uploaded_image1_1589308300.jpg)
Bœuf élevage;750 000 CFA;Guediawaye, Dakar, Sénégal;Autres animaux;background-image:url(https://images.coinafrique.com/thumb_2147334_uploaded_image1_1590007941.jpg)
Boeufs;Prix sur demande;Dakar, Sénégal;Autres animaux;background-image:url(https://images.coinafrique.com/thumb_2161624_uploaded_image1_1590236359.jpg)
Poussins brahman et cochin;Prix sur demande;Keur Massar, Sénégal;Autres animaux;background-image:url(https://images.coinafrique.com/thumb_2230369_uploaded_image1_1591316836.jpg)
Boeufs;600 000 CFA;Bambey, Sénégal;Autres animaux;background-image:url(https://images.coinafrique.com/thumb_2239779_uploaded_image1_1591466346.jpg)
Chaton york chocolat;150 000 CFA;Dakar, Sénégal;Autres animaux;background-image:url(https://images.coinafrique.com/thumb_2240976_uploaded_image1_1591487576.jpg)
Taureau Nélore;Prix sur demande;Guediawaye, Dakar, Sénégal;Autres animaux;background-image:url(https://images.coinafrique.com/thumb_2251055_uploaded_image1_1591656431.jpg)
Oies;1 000 CFA;Dakar, Sénégal;Autres animaux;background-image:url(https://images.coinafrique.com/thumb_2275120_uploaded_image1_1591990153.jpg)
Vache;Prix sur demande;Dakar, Sénégal;Autres animaux;background-image:url(https://images.coinafrique.com/thumb_2276153_uploaded_image1_1592008517.jpg)
Oies;130 000 CFA;Medina, Dakar, Sénégal;Autres animaux;background-image:url(https://images.coinafrique.com/thumb_2281845_uploaded_image1_1592124037.jpg)
Kittens / chatons;90 000 CFA;Yoff, Dakar, Sénégal;Autres animaux;background-image:url(https://images.coinafrique.com/thumb_2319268_uploaded_image1_1592689460.jpg)
Dinde;20 000 CFA;Dakar, Sénégal;Autres animaux;background-image:url(https://images.coinafrique.com/thumb_2351112_uploaded_image1_1593181120.jpg)
Chat blanc turc;150 000 CFA;Mermoz-Sacré Coeur, Dakar, Sénégal;Autres animaux;background-image:url(https://images.coinafrique.com/thumb_2388043_uploaded_image1_1593787521.jpg)
Couples Paons;250 000 CFA;Keur Massar, Sénégal;Autres animaux;background-image:url(https://images.coinafrique.com/thumb_2394305_uploaded_image2_1593898972.jpeg)
Dindes;Prix sur demande;Mbour, Sénégal;Autres animaux;background-image:url(https://images.coinafrique.com/thumb_2421638_uploaded_image1_1594369039.jpg)
Géniteur hollandais Holstein;1 200 000 CFA;Mboro, Sénégal;Autres animaux;background-image:url(https://images.coinafrique.com/thumb_2430101_uploaded_image1_1594560513.jpg)
Vaches hollandaises;Prix sur demande;Saint Louis, Sénégal;Autres animaux;background-image:url(https://images.coinafrique.com/thumb_2434087_uploaded_image1_1594647765.jpg)
Oies;80 000 CFA;Diourbel, Sénégal;Autres animaux;background-image:url(https://images.coinafrique.com/thumb_2550824_uploaded_image1_1597673774.jpg)
Oiseau Maknol;Prix sur demande;Kaffrine, Sénégal;Autres animaux;background-image:url(https://images.coinafrique.com/thumb_2583338_uploaded_image1_1598650419.jpg)
Oie;100 000 CFA;Mbour, Sénégal;Autres animaux;background-image:url(https://images.coinafrique.com/thumb_2630503_uploaded_image1_1600266971.jpg)
Chatons;Prix sur demande;Gorée, Dakar, Sénégal;Autres animaux;background-image:url(https://images.coinafrique.com/thumb_2637004_uploaded_image1_1600508302.jpg)
Paon bleu;225 000 CFA;Dakar, Sénégal;Autres animaux;background-image:url(https://images.coinafrique.com/thumb_2663712_uploaded_image1_1601554766.jpg)
Bouc chèvre;100 000 CFA;Diamniadio, Sénégal;Autres animaux;background-image:url(https://images.coinafrique.com/thumb_2673741_uploaded_image2_1601909107.jpeg)
Chèvre Bouc de race;200 000 CFA;Louga, Sénégal;Autres animaux;background-image:url(https://images.coinafrique.com/thumb_2675855_uploaded_image1_1601992602.jpg)
Vaches laitières;2 000 000 CFA;Mbour, Sénégal;Autres animaux;background-image:url(https://images.coinafrique.com/thumb_2687649_uploaded_image1_1602441772.jpg)
Bœufs;350 000 CFA;Louga, Sénégal;Autres animaux;background-image:url(https://images.coinafrique.com/thumb_2694719_uploaded_image1_1602688985.jpg)
Bœufs;350 000 CFA;Louga, Sénégal;Autres animaux;background-image:url(https://images.coinafrique.com/thumb_2694720_uploaded_image1_1602689075.jpg)
Bœufs;250 000 CFA;Louga, Sénégal;Autres animaux;background-image:url(https://images.coinafrique.com/thumb_2694722_uploaded_image1_1602689183.jpg)
Âne Arabe;850 000 CFA;Kébémer, Sénégal;Autres animaux;background-image:url(https://images.coinafrique.com/thumb_2697117_uploaded_image1_1602773283.jpg)
Olpliitone 20 jours;15 000 CFA;Dakar, Sénégal;Autres animaux;background-image:url(https://images.coinafrique.com/thumb_2701057_uploaded_image1_1602937383.jpg)
Canard;35 000 CFA;Mamelles, Dakar, Sénégal;Autres animaux;background-image:url(https://images.coinafrique.com/thumb_2703622_uploaded_image1_1603049550.jpg)
Vache;300 000 CFA;Louga, Sénégal;Autres animaux;background-image:url(https://images.coinafrique.com/thumb_2709747_uploaded_image1_1603289227.jpg)
Dinde d'amérique;Prix sur demande;Guediawaye, Dakar, Sénégal;Autres animaux;background-image:url(https://images.coinafrique.com/thumb_2735977_uploaded_image1_1604436594.jpg)
Chaton Angora Turc;100 000 CFA;Dakar, Sénégal;Autres animaux;background-image:url(https://images.coinafrique.com/thumb_2826620_uploaded_image1_1607777038.jpg)
Vache;550 000 CFA;Bambey, Sénégal;Autres animaux;background-image:url(https://images.coinafrique.com/thumb_2846588_uploaded_image1_1608636321.jpg)
Veau;250 000 CFA;HLM, Dakar, Sénégal;Autres animaux;background-image:url(https://images.coinafrique.com/thumb_2856538_uploaded_image1_1609162542.jpg)
Chatons;Prix sur demande;Grand Dakar, Dakar, Sénégal;Autres animaux;background-image:url(https://images.coinafrique.com/thumb_2860327_uploaded_image1_1609342553.jpg)
Canard Colvert;50 000 CFA;Thies, Sénégal;Autres animaux;background-image:url(https://images.coinafrique.com/thumb_2876451_uploaded_image1_1610052488.jpg)
Bouc race laitière;Prix sur demande;Saly, Sénégal;Autres animaux;background-image:url(https://images.coinafrique.com/thumb_2881915_uploaded_image1_1610303521.jpg)
Chaton noir blanc;Prix sur demande;Mamelles, Dakar, Sénégal;Autres animaux;background-image:url(https://images.coinafrique.com/thumb_2886750_uploaded_image1_1610486302.jpg)
Dinde rouge;70 000 CFA;Louga, Sénégal;Autres animaux;background-image:url(https://images.coinafrique.com/thumb_2888081_uploaded_image1_1610544422.jpg)
Perruches - inséparables;12 500 CFA;Parcelle Assainies, Dakar, Sénégal;Autres animaux;background-image:url(https://images.coinafrique.com/thumb_2896567_uploaded_image1_1610914575.jpg)
Jument arabe;1 500 000 CFA;Kébémer, Sénégal;Autres animaux;background-image:url(https://images.coinafrique.com/thumb_2924412_uploaded_image1_1612197584.jpg)
Perroquet Sénégal avec cage;35 000 CFA;Ngor, Dakar, Sénégal;Autres animaux;background-image:url(https://images.coinafrique.com/thumb_2930350_uploaded_image1_1612388040.jpg)
Couple oie de toulouse adulte;85 000 CFA;Mbour, Sénégal;Autres animaux;background-image:url(https://images.coinafrique.com/thumb_2936871_uploaded_image1_1612659734.jpg)
Chaton Angora turque;160 000 CFA;Grand Dakar, Dakar, Sénégal;Autres animaux;background-image:url(https://images.coinafrique.com/thumb_2966724_uploaded_image1_1614082274.jpg)
Bœuf;Prix sur demande;Dakar, Sénégal;Autres animaux;background-image:url(https://images.coinafrique.com/thumb_2968890_uploaded_image1_1614172978.jpg)
Porc;2 500 CFA;Dakar, Sénégal;Autres animaux;background-image:url(https://images.coinafrique.com/thumb_3004606_uploaded_image1_1615897391.jpg)
Laor noir;35 000 CFA;Mbour, Sénégal;Autres animaux;background-image:url(https://images.coinafrique.com/thumb_3005811_uploaded_image1_1615937465.jpg)
Bœuf;425 000 CFA;Guediawaye, Dakar, Sénégal;Autres animaux;background-image:url(https://images.coinafrique.com/thumb_3012014_uploaded_image1_1616250290.jpg)
Cheval;800 000 CFA;Dakar, Sénégal;Autres animaux;background-image:url(https://images.coinafrique.com/thumb_3012715_uploaded_image1_1616282777.jpg)
Oie adulte;80 000 CFA;Dakar, Sénégal;Autres animaux;background-image:url(https://images.coinafrique.com/thumb_3025291_uploaded_image1_1616933629.jpg)
Oisillons;25 000 CFA;Dakar, Sénégal;Autres animaux;background-image:url(https://images.coinafrique.com/thumb_3026572_uploaded_image1_1617014695.jpg)
Taureau géniteur laitier;2 000 000 CFA;Sicap Liberté, Dakar, Sénégal;Autres animaux;background-image:url(https://images.coinafrique.com/thumb_3039728_uploaded_image1_1617557251.jpg)
Cheval;650 000 CFA;Dakar, Sénégal;Autres animaux;background-image:url(https://images.coinafrique.com/thumb_3053064_uploaded_image1_1618156860.jpg)
Chaton;Prix sur demande;Almadies, Dakar, Sénégal;Autres animaux;background-image:url(https://images.coinafrique.com/thumb_3054622_uploaded_image1_1618231466.jpg)
Taureau - géniteur laitier;2 000 000 CFA;Sicap Liberté, Dakar, Sénégal;Autres animaux;background-image:url(https://images.coinafrique.com/thumb_3087054_uploaded_image1_1619718794.jpg)
Couple perruche arc en ciel;40 000 CFA;Mermoz-Sacré Coeur, Dakar, Sénégal;Autres animaux;background-image:url(https://images.coinafrique.com/thumb_3092218_uploaded_image1_1619966133.jpg)
Trio dindes d’amérique;65 000 CFA;Mbao, Dakar, Sénégal;Autres animaux;background-image:url(https://images.coinafrique.com/thumb_3092550_uploaded_image1_1619979240.jpg)
Vache;300 000 CFA;HLM, Dakar, Sénégal;Autres animaux;background-image:url(https://images.coinafrique.com/thumb_3095614_uploaded_image1_1620093462.jpg)
Couple perruches ondulées;100 000 CFA;Mermoz-Sacré Coeur, Dakar, Sénégal;Autres animaux;background-image:url(https://images.coinafrique.com/thumb_3116528_uploaded_image1_1621091686.jpg)
Oiseaux exotiques;Prix sur demande;Dakar, Sénégal;Autres animaux;background-image:url(https://images.coinafrique.com/thumb_3119376_uploaded_image1_1621259652.jpg)
Couple colvert;30 000 CFA;Dakar, Sénégal;Autres animaux;background-image:url(https://images.coinafrique.com/thumb_3127244_uploaded_image1_1621622446.jpg)
Oie géant;85 000 CFA;Mbour, Sénégal;Autres animaux;background-image:url(https://images.coinafrique.com/thumb_3133835_uploaded_image1_1621994387.jpg)
Boeuf;800 000 CFA;Bambey, Sénégal;Autres animaux;background-image:url(https://images.coinafrique.com/thumb_3140204_uploaded_image1_1622308324.jpg)
Poisson vivant;Prix sur demande;Yoff, Dakar, Sénégal;Autres animaux;background-image:url(https://images.coinafrique.com/thumb_3140939_uploaded_image1_1622373784.jpg)
Rat;Prix sur demande;Almadies, Dakar, Sénégal;Autres animaux;background-image:url(https://images.coinafrique.com/thumb_3156125_uploaded_image1_1622977662.jpg)
Paonneau;Prix sur demande;Mbao, Dakar, Sénégal;Autres animaux;background-image:url(https://images.coinafrique.com/thumb_3164991_uploaded_image1_1623339895.jpg)
Dinde;Prix sur demande;Touba, Sénégal;Autres animaux;background-image:url(https://images.coinafrique.com/thumb_3165522_uploaded_image1_1623360382.jpg)
Couple dinde;Prix sur demande;Touba, Sénégal;Autres animaux;background-image:url(https://images.coinafrique.com/thumb_3169645_uploaded_image2_1623581040.jpeg)
Cailles;Prix sur demande;Touba, Sénégal;Autres animaux;background-image:url(https://images.coinafrique.com/thumb_3169648_uploaded_image3_1623581190.jpeg)
Cheval;450 000 CFA;Pikine, Sénégal;Autres animaux;background-image:url(https://images.coinafrique.com/thumb_3169679_uploaded_image1_1623583685.jpg)
Oies;60 000 CFA;Dakar, Sénégal;Autres animaux;background-image:url(https://images.coinafrique.com/thumb_3172006_uploaded_image1_1623695521.jpg)
Oies;60 000 CFA;Dakar, Sénégal;Autres animaux;background-image:url(https://images.coinafrique.com/thumb_3172011_uploaded_image1_1623695650.jpg)
Perruches ondulées;20 000 CFA;Point E, Dakar, Sénégal;Autres animaux;background-image:url(https://images.coinafrique.com/thumb_3215371_uploaded_image1_1625676061.jpg)
Chatons 2 et 3 mois;Prix sur demande;Grand Dakar, Dakar, Sénégal;Autres animaux;background-image:url(https://images.coinafrique.com/thumb_3222114_uploaded_image1_1626003610.jpg)
Bœufs;Prix sur demande;Dieuppeul-Derklé, Dakar, Sénégal;Autres animaux;background-image:url(https://images.coinafrique.com/thumb_3240329_uploaded_image1_1626964752.jpg)
Perruche ondulée;15 000 CFA;Point E, Dakar, Sénégal;Autres animaux;background-image:url(https://images.coinafrique.com/thumb_3243586_uploaded_image1_1627157324.jpg)
Bœufs;740 000 CFA;Dieuppeul-Derklé, Dakar, Sénégal;Autres animaux;background-image:url(https://images.coinafrique.com/thumb_3253864_uploaded_image1_1627751756.jpg)
Chaton;Prix sur demande;Mermoz-Sacré Coeur, Dakar, Sénégal;Autres animaux;background-image:url(https://images.coinafrique.com/thumb_3254310_uploaded_image1_1627784670.jpg)
Poisson aquarium;12 000 CFA;Dakar Plateau, Dakar, Sénégal;Autres animaux;background-image:url(https://images.coinafrique.com/thumb_3256827_uploaded_image1_1627902901.jpg)
Taureau;740 000 CFA;Dieuppeul-Derklé, Dakar, Sénégal;Autres animaux;background-image:url(https://images.coinafrique.com/thumb_3263210_uploaded_image1_1628122860.jpg)
Taureau;740 000 CFA;Dieuppeul-Derklé, Dakar, Sénégal;Autres animaux;background-image:url(https://images.coinafrique.com/thumb_3269989_uploaded_image1_1628451897.jpg)
Taureau;450 000 CFA;Parcelle Assainies, Dakar, Sénégal;Autres animaux;background-image:url(https://images.coinafrique.com/thumb_3271377_uploaded_image1_1628524523.jpg)
Oies adultes;130 000 CFA;Guediawaye, Dakar, Sénégal;Autres animaux;background-image:url(https://images.coinafrique.com/thumb_3273490_uploaded_image1_1628621055.jpg)
Vache;600 000 CFA;Niaga, Sénégal;Autres animaux;background-image:url(https://images.coinafrique.com/thumb_3287170_uploaded_image1_1629317800.jpg)
Vache;600 000 CFA;Niaga, Sénégal;Autres animaux;background-image:url(https://images.coinafrique.com/thumb_3287171_uploaded_image1_1629317948.jpg)
Chèvre mâle;Prix sur demande;Mermoz-Sacré Coeur, Dakar, Sénégal;Autres animaux;background-image:url(https://images.coinafrique.com/thumb_3315646_uploaded_image1_1630745395.jpg)
Oie gardien;90 000 CFA;Dakar, Sénégal;Autres animaux;background-image:url(https://images.coinafrique.com/thumb_3316810_uploaded_image1_1630785291.jpg)
Oie guinéen;100 000 CFA;Dakar, Sénégal;Autres animaux;background-image:url(https://images.coinafrique.com/thumb_3316816_uploaded_image1_1630785391.jpg)
Veaux;Prix sur demande;Dieuppeul-Derklé, Dakar, Sénégal;Autres animaux;background-image:url(https://images.coinafrique.com/thumb_3318063_uploaded_image1_1630865928.jpg)
Caille;2 500 CFA;Parcelle Assainies, Dakar, Sénégal;Autres animaux;background-image:url(https://images.coinafrique.com/thumb_3319937_uploaded_image1_1630948254.jpg)
Cailleteaux;400 CFA;Parcelle Assainies, Dakar, Sénégal;Autres animaux;background-image:url(https://images.coinafrique.com/thumb_3319946_uploaded_image1_1630948417.jpg)
Perruche;24 000 CFA;Hann Bel-Air, Dakar, Sénégal;Autres animaux;background-image:url(https://images.coinafrique.com/thumb_3321530_uploaded_image1_1631021949.jpg)
Bœuf;1 200 000 CFA;Guediawaye, Dakar, Sénégal;Autres animaux;background-image:url(https://images.coinafrique.com/thumb_3330908_uploaded_image1_1631459213.jpg)
Veaux;250 000 CFA;Dieuppeul-Derklé, Dakar, Sénégal;Autres animaux;background-image:url(https://images.coinafrique.com/thumb_3335012_uploaded_image1_1631654129.jpg)
Perruches;Prix sur demande;Guediawaye, Dakar, Sénégal;Autres animaux;background-image:url(https://images.coinafrique.com/thumb_3336754_uploaded_image1_1631736919.jpg)
Chaton;40 000 CFA;Almadies, Dakar, Sénégal;Autres animaux;background-image:url(https://images.coinafrique.com/thumb_3341213_uploaded_image1_1631968364.jpg)
Carpe Koï;100 000 CFA;Dakar Plateau, Dakar, Sénégal;Autres animaux;background-image:url(https://images.coinafrique.com/thumb_3345713_uploaded_image1_1632222841.jpg)
Géniteur Holstein;2 200 000 CFA;Dakar, Sénégal;Autres animaux;background-image:url(https://images.coinafrique.com/thumb_3348819_uploaded_image1_1632352628.jpg)
Taureaux Holstein;2 500 000 CFA;Dakar, Sénégal;Autres animaux;background-image:url(https://images.coinafrique.com/thumb_3348822_uploaded_image1_1632352988.jpg)
Veaux;250 000 CFA;Dieuppeul-Derklé, Dakar, Sénégal;Autres animaux;background-image:url(https://images.coinafrique.com/thumb_3350491_uploaded_image1_1632436028.jpg)
Autruchon;300 000 CFA;Guediawaye, Dakar, Sénégal;Autres animaux;background-image:url(https://images.coinafrique.com/thumb_3357168_uploaded_image1_1632871377.jpg)
Caille;2 000 CFA;Mermoz-Sacré Coeur, Dakar, Sénégal;Autres animaux;background-image:url(https://images.coinafrique.com/thumb_3360468_uploaded_image1_1633037043.jpg)
Couple hermine;20 000 CFA;Dakar, Sénégal;Autres animaux;background-image:url(https://images.coinafrique.com/thumb_3369362_uploaded_image1_1633438173.jpg)
Bœuf;500 000 CFA;Dakar, Sénégal;Autres animaux;background-image:url(https://images.coinafrique.com/thumb_3369906_uploaded_image1_1633454163.jpg)
Cailles;1 500 CFA;Mermoz-Sacré Coeur, Dakar, Sénégal;Autres animaux;background-image:url(https://images.coinafrique.com/thumb_3371486_uploaded_image1_1633522085.jpg)
Paon bleu adulte;300 000 CFA;Keur Massar, Sénégal;Autres animaux;background-image:url(https://images.coinafrique.com/thumb_3372722_uploaded_image1_1633568000.jpg)
Trio de paon bleu;450 000 CFA;Mbao, Dakar, Sénégal;Autres animaux;background-image:url(https://images.coinafrique.com/thumb_3389732_uploaded_image1_1634436997.jpg)
Perruches;Prix sur demande;Guediawaye, Dakar, Sénégal;Autres animaux;background-image:url(https://images.coinafrique.com/thumb_3395087_uploaded_image3_1634734337.jpeg)
Cailles;2 000 CFA;Mermoz-Sacré Coeur, Dakar, Sénégal;Autres animaux;background-image:url(https://images.coinafrique.com/thumb_3405018_uploaded_image1_1635264107.jpg)
Oies de toulouse;450 000 CFA;Mbour, Sénégal;Autres animaux;background-image:url(https://images.coinafrique.com/thumb_3413662_uploaded_image1_1635765247.jpg)
Paire d'oie;100 000 CFA;Thies, Sénégal;Autres animaux;background-image:url(https://images.coinafrique.com/thumb_3418166_uploaded_image1_1635935843.jpg)
Canards;Prix sur demande;Dakar, Sénégal;Autres animaux;background-image:url(https://images.coinafrique.com/thumb_3422543_uploaded_image1_1636113502.jpg)
Couple dinde rouge;90 000 CFA;Dakar, Sénégal;Autres animaux;background-image:url(https://images.coinafrique.com/thumb_3425196_uploaded_image1_1636231334.jpg)
Bœufs;Prix sur demande;Louga, Sénégal;Autres animaux;background-image:url(https://images.coinafrique.com/thumb_3448056_uploaded_image1_1637499860.jpg)
Chaton siamois;Prix sur demande;Grand Dakar, Dakar, Sénégal;Autres animaux;background-image:url(https://images.coinafrique.com/thumb_3450631_uploaded_image1_1637664547.jpg)
Dindes;Prix sur demande;Parcelle Assainies, Dakar, Sénégal;Autres animaux;background-image:url(https://images.coinafrique.com/thumb_3474757_uploaded_image2_1638966967.jpeg)
Bœuf;900 000 CFA;Bambey, Sénégal;Autres animaux;background-image:url(https://images.coinafrique.com/thumb_3492877_uploaded_image1_1640096405.jpg)
Oies de toulouse;20 000 CFA;Dakar, Sénégal;Autres animaux;background-image:url(https://images.coinafrique.com/thumb_3496368_uploaded_image2_1640341893.jpeg)
Paon;350 000 CFA;Mermoz-Sacré Coeur, Dakar, Sénégal;Autres animaux;background-image:url(https://images.coinafrique.com/thumb_3500261_uploaded_image1_1640699224.jpg)
Hamster;15 000 CFA;Mbao, Dakar, Sénégal;Autres animaux;background-image:url(https://images.coinafrique.com/thumb_3502571_uploaded_image1_1640864798.jpg)
Bœufs;300 000 CFA;Dieuppeul-Derklé, Dakar, Sénégal;Autres animaux;background-image:url(https://images.coinafrique.com/thumb_3509381_uploaded_image1_1641354659.jpg)
Chat persan chinchilla;Prix sur demande;Fann-Point E-Amitié, Dakar, Sénégal;Autres animaux;background-image:url(https://images.coinafrique.com/thumb_3515163_uploaded_image1_1641642618.jpg)
Cheval;Prix sur demande;Dakar, Sénégal;Autres animaux;background-image:url(https://images.coinafrique.com/thumb_3515231_uploaded_image1_1641645085.jpg)
Cochon dinde;45 000 CFA;Thies, Sénégal;Autres animaux;background-image:url(https://images.coinafrique.com/thumb_3520065_uploaded_image1_1641924846.jpg)
Cochon dinde;45 000 CFA;Thies, Sénégal;Autres animaux;background-image:url(https://images.coinafrique.com/thumb_3520078_uploaded_image1_1641925243.jpg)
Cochon dinde;45 000 CFA;Thies, Sénégal;Autres animaux;background-image:url(https://images.coinafrique.com/thumb_3520084_uploaded_image1_1641925340.jpg)
Bouc Espagnol;150 000 CFA;Louga, Sénégal;Autres animaux;background-image:url(https://images.coinafrique.com/thumb_3523752_uploaded_image1_1642113362.jpg)
Hamsters;15 000 CFA;Mbao, Dakar, Sénégal;Autres animaux;background-image:url(https://images.coinafrique.com/thumb_3525591_uploaded_image1_1642246209.jpg)
Jeune cheval;Prix sur demande;Dakar, Sénégal;Autres animaux;background-image:url(https://images.coinafrique.com/thumb_3526170_uploaded_image1_1642274663.jpg)
Bœufs;900 000 CFA;Bambey, Sénégal;Autres animaux;background-image:url(https://images.coinafrique.com/thumb_3544114_uploaded_image1_1643467299.jpg)
Cheval;500 000 CFA;Saint Louis, Sénégal;Autres animaux;background-image:url(https://images.coinafrique.com/thumb_3569117_uploaded_image1_1644951974.jpg)
Poussins  d’oies;35 000 CFA;Dakar, Sénégal;Autres animaux;background-image:url(https://images.coinafrique.com/thumb_3569402_uploaded_image1_1644969388.jpg)
Caille;8 000 CFA;Kaolack, Sénégal;Autres animaux;background-image:url(https://images.coinafrique.com/thumb_3607957_uploaded_image1_1647266236.jpg)
Chatons;400 000 CFA;Fann, Dakar, Sénégal;Autres animaux;background-image:url(https://images.coinafrique.com/thumb_3613416_uploaded_image1_1647551529.jpg)
Taurillon laitier;1 000 000 CFA;Sicap Liberté, Dakar, Sénégal;Autres animaux;background-image:url(https://images.coinafrique.com/thumb_3613432_uploaded_image1_1647552342.jpg)
Cochons;15 000 CFA;Mbour, Sénégal;Autres animaux;background-image:url(https://images.coinafrique.com/thumb_3614166_uploaded_image1_1647608880.jpg)
Hamster;15 000 CFA;Mbao, Dakar, Sénégal;Autres animaux;background-image:url(https://images.coinafrique.com/thumb_3615764_uploaded_image1_1647715657.jpg)
Chaton Angora;130 000 CFA;Fann, Dakar, Sénégal;Autres animaux;background-image:url(https://images.coinafrique.com/thumb_3634435_uploaded_image1_1648913898.jpg)
Boeuf;Prix sur demande;Niaga, Sénégal;Autres animaux;background-image:url(https://images.coinafrique.com/thumb_3645462_uploaded_image1_1649458078.jpg)
Boeuf;Prix sur demande;Niaga, Sénégal;Autres animaux;background-image:url(https://images.coinafrique.com/thumb_3645463_uploaded_image1_1649458129.jpg)
Oie géant;450 000 CFA;Mbour, Sénégal;Autres animaux;background-image:url(https://images.coinafrique.com/thumb_3646953_uploaded_image1_1649560934.jpg)
Boeufs;900 000 CFA;Niaga, Sénégal;Autres animaux;background-image:url(https://images.coinafrique.com/thumb_3651241_uploaded_image1_1649808275.jpg)
Chaton siamois;375 000 CFA;Fann, Dakar, Sénégal;Autres animaux;background-image:url(https://images.coinafrique.com/thumb_3671821_uploaded_image1_1651072649.jpg)
Perroquet grand Haras;Prix sur demande;Yoff, Dakar, Sénégal;Autres animaux;background-image:url(https://images.coinafrique.com/thumb_3672216_uploaded_image2_1651097217.jpeg)
Caille;2 000 CFA;Sicap foire, Dakar, Sénégal;Autres animaux;background-image:url(https://images.coinafrique.com/thumb_3679001_uploaded_image1_1651592167.jpg)
Chaton Angora;160 000 CFA;Fann, Dakar, Sénégal;Autres animaux;background-image:url(https://images.coinafrique.com/thumb_3681874_uploaded_image1_1651750026.jpg)
Paire colverts de Rouen;15 000 CFA;Mboro, Sénégal;Autres animaux;background-image:url(https://images.coinafrique.com/thumb_3686752_uploaded_image1_1652029317.jpg)
Hamster;15 000 CFA;Mbao, Dakar, Sénégal;Autres animaux;background-image:url(https://images.coinafrique.com/thumb_3689324_uploaded_image1_1652181532.jpg)
Boeuf;Prix sur demande;Niaga, Sénégal;Autres animaux;background-image:url(https://images.coinafrique.com/thumb_3691179_uploaded_image1_1652274956.jpg)
Perruches ondulées;12 000 CFA;Guediawaye, Dakar, Sénégal;Autres animaux;background-image:url(https://images.coinafrique.com/thumb_3693176_uploaded_image1_1652374886.jpg)
Oie;65 000 CFA;Niaga, Sénégal;Autres animaux;background-image:url(https://images.coinafrique.com/thumb_3719072_uploaded_image1_1654007070.jpg)
Vache;Prix sur demande;Niaga, Sénégal;Autres animaux;background-image:url(https://images.coinafrique.com/thumb_3734952_uploaded_image1_1654795966.jpg)
Couple cochons d'inde;25 000 CFA;Sacré-Coeur, Dakar, Sénégal;Autres animaux;background-image:url(https://images.coinafrique.com/thumb_3738425_uploaded_image1_1655026461.jpg)
Sacs de foin - Ngogne;5 000 CFA;Saint Louis, Sénégal;Autres animaux;background-image:url(https://images.coinafrique.com/thumb_3747916_uploaded_image1_1655548507.jpg)
Canard;Prix sur demande;Diamniadio, Sénégal;Autres animaux;background-image:url(https://images.coinafrique.com/thumb_3761752_uploaded_image1_1656414791.jpg)
Paire Oie;130 000 CFA;Guediawaye, Dakar, Sénégal;Autres animaux;background-image:url(https://images.coinafrique.com/thumb_3763969_uploaded_image1_1656542478.jpg)
Oiseaux exotiques;Prix sur demande;Dakar, Sénégal;Autres animaux;background-image:url(https://images.coinafrique.com/thumb_3773129_uploaded_image1_1657027947.jpg)
Veaux;200 000 CFA;Diamniadio, Sénégal;Autres animaux;background-image:url(https://images.coinafrique.com/thumb_3775233_uploaded_image1_1657130525.jpg)
Couple Hamster;45 000 CFA;Dakar, Sénégal;Autres animaux;background-image:url(https://images.coinafrique.com/thumb_3779809_uploaded_image1_1657474571.jpg)
Hamster;15 000 CFA;Sacré-Coeur, Dakar, Sénégal;Autres animaux;background-image:url(https://images.coinafrique.com/thumb_3780966_uploaded_image1_1657566627.jpg)
Veau;300 000 CFA;Biscuiterie, Dakar, Sénégal;Autres animaux;background-image:url(https://images.coinafrique.com/thumb_3784229_uploaded_image1_1657796861.jpg)
Cailles;100 CFA;Keur Massar, Sénégal;Autres animaux;background-image:url(https://images.coinafrique.com/thumb_3797181_uploaded_image1_1658618385.jpg)
Vache;Prix sur demande;Niaga, Sénégal;Autres animaux;background-image:url(https://images.coinafrique.com/thumb_3798116_uploaded_image1_1658707333.jpg)
Peruche ondulée;10 000 CFA;Dakar Plateau, Dakar, Sénégal;Autres animaux;background-image:url(https://images.coinafrique.com/thumb_3803986_uploaded_image1_1659036881.jpg)
Vache;1 000 000 CFA;Bambey, Sénégal;Autres animaux;background-image:url(https://images.coinafrique.com/thumb_3804681_uploaded_image1_1659094431.jpg)
Hamster dorée;15 000 CFA;Sacré-Coeur, Dakar, Sénégal;Autres animaux;background-image:url(https://images.coinafrique.com/thumb_3814562_uploaded_image1_1659613355.jpg)
Bœuf;750 000 CFA;Niaga, Sénégal;Autres animaux;background-image:url(https://images.coinafrique.com/thumb_3817866_uploaded_image1_1659784836.jpg)
Bœuf;Prix sur demande;Niaga, Sénégal;Autres animaux;background-image:url(https://images.coinafrique.com/thumb_3819174_uploaded_image1_1659877769.jpg)
Cobaye mâle;16 000 CFA;Thies, Sénégal;Autres animaux;background-image:url(https://images.coinafrique.com/thumb_3868453_uploaded_image1_1662603701.jpg)
Œufs;9 000 CFA;Keur Massar, Sénégal;Autres animaux;background-image:url(https://images.coinafrique.com/thumb_3862604_uploaded_image1_1662310160.jpg)
Cailles;2 500 CFA;Ziguinchor, Sénégal;Autres animaux;background-image:url(https://images.coinafrique.com/thumb_3905361_uploaded_image1_1664880986.jpg)
Paons bleus;400 000 CFA;Mbour, Sénégal;Autres animaux;background-image:url(https://images.coinafrique.com/thumb_3916692_uploaded_image1_1665568760.jpg)
Anes;500 000 CFA;Mbour, Sénégal;Autres animaux;background-image:url(https://images.coinafrique.com/thumb_3916725_uploaded_image1_1665569939.jpg)
Poissons aquarium;7 500 CFA;Dakar Plateau, Dakar, Sénégal;Autres animaux;background-image:url(https://images.coinafrique.com/thumb_3922652_uploaded_image1_1665918281.jpg)
Dinde;35 000 CFA;Touba, Sénégal;Autres animaux;background-image:url(https://images.coinafrique.com/thumb_3956243_uploaded_image1_1667916312.jpg)
Paon;450 000 CFA;Touba, Sénégal;Autres animaux;background-image:url(https://images.coinafrique.com/thumb_3956247_uploaded_image2_1667916424.jpeg)
Perruches ondulées;12 000 CFA;Guediawaye, Dakar, Sénégal;Autres animaux;background-image:url(https://images.coinafrique.com/thumb_3968286_uploaded_image1_1668632770.jpg)
Chèvre;50 000 CFA;Dakar, Sénégal;Autres animaux;background-image:url(https://images.coinafrique.com/thumb_3985611_uploaded_image1_1669761997.jpg)
Bœufs;600 000 CFA;Bambey, Sénégal;Autres animaux;background-image:url(https://images.coinafrique.com/thumb_3991901_uploaded_image1_1670076562.jpg)
Bœufs;600 000 CFA;Bambey, Sénégal;Autres animaux;background-image:url(https://images.coinafrique.com/thumb_4001249_uploaded_image1_1670577657.jpg)
Chat persan hymalayen;350 000 CFA;Ngor, Dakar, Sénégal;Autres animaux;background-image:url(https://images.coinafrique.com/thumb_4002094_uploaded_image1_1670612752.jpg)
Chaton Persan;400 000 CFA;Fann, Dakar, Sénégal;Autres animaux;background-image:url(https://images.coinafrique.com/thumb_4004300_uploaded_image1_1670782309.jpg)
Perroquets Roseicollis;50 000 CFA;Point E, Dakar, Sénégal;Autres animaux;background-image:url(https://images.coinafrique.com/thumb_4006084_uploaded_image1_1670879833.jpg)
Vache;475 CFA;Niaga, Sénégal;Autres animaux;background-image:url(https://images.coinafrique.com/thumb_4015081_uploaded_image1_1671456683.jpg)
Jument;550 000 CFA;Thies, Sénégal;Autres animaux;background-image:url(https://images.coinafrique.com/thumb_4029052_uploaded_image1_1672496436.jpg)
Cheval;450 000 CFA;Thies, Sénégal;Autres animaux;background-image:url(https://images.coinafrique.com/thumb_4029054_uploaded_image1_1672496527.jpg)
Oies de garde;200 000 CFA;Mbour, Sénégal;Autres animaux;background-image:url(https://images.coinafrique.com/thumb_4033376_uploaded_image1_1672817271.jpg)
Boeuf;Prix sur demande;Niaga, Sénégal;Autres animaux;background-image:url(https://images.coinafrique.com/thumb_4047285_uploaded_image1_1673554118.jpg)
Perruches ondulées;7 000 CFA;Hann Bel-Air, Dakar, Sénégal;Autres animaux;background-image:url(https://images.coinafrique.com/thumb_4049517_uploaded_image1_1673696813.jpg)
Dindons;175 000 CFA;Dakar, Sénégal;Autres animaux;background-image:url(https://images.coinafrique.com/thumb_4056115_uploaded_image1_1674103633.jpg)
Canards;20 000 CFA;Dakar, Sénégal;Autres animaux;background-image:url(https://images.coinafrique.com/thumb_4056116_uploaded_image1_1674103896.jpg)
Dinde;50 000 CFA;Dakar, Sénégal;Autres animaux;background-image:url(https://images.coinafrique.com/thumb_4060300_uploaded_image1_1674362008.jpg)
Oies;65 000 CFA;Niaga, Sénégal;Autres animaux;background-image:url(https://images.coinafrique.com/thumb_4064457_uploaded_image1_1674641302.jpg)
Bœuf;600 000 CFA;Bambey, Sénégal;Autres animaux;background-image:url(https://images.coinafrique.com/thumb_4090572_uploaded_image1_1676111755.jpg)
Cheval;Prix sur demande;Ouakam, Dakar, Sénégal;Autres animaux;background-image:url(https://images.coinafrique.com/thumb_4092862_uploaded_image1_1676283623.jpg)
Chaton angora;180 000 CFA;Fann, Dakar, Sénégal;Autres animaux;background-image:url(https://images.coinafrique.com/thumb_4102298_uploaded_image1_1676900131.jpg)
Chats siamois himalayen;300 000 CFA;Thies, Sénégal;Autres animaux;background-image:url(https://images.coinafrique.com/thumb_4102440_uploaded_image1_1676904996.jpg)
Chèvre sahelienne;180 000 CFA;Mbour, Sénégal;Autres animaux;background-image:url(https://images.coinafrique.com/thumb_4103018_uploaded_image1_1676929679.jpg)
Hamster dorée;15 000 CFA;Sacré-Coeur, Dakar, Sénégal;Autres animaux;background-image:url(https://images.coinafrique.com/thumb_4110101_uploaded_image1_1677403384.jpg)
Oies;35 000 CFA;Thies, Sénégal;Autres animaux;background-image:url(https://images.coinafrique.com/thumb_4119270_uploaded_image2_1677889884.jpeg)
Chatte persane himalayenne;200 000 CFA;Dakar, Sénégal;Autres animaux;background-image:url(https://images.coinafrique.com/thumb_4140736_uploaded_image1_1679260998.jpg)
Canard colvert;32 500 CFA;Almadies 2, Dakar, Sénégal;Autres animaux;background-image:url(https://images.coinafrique.com/thumb_4141195_uploaded_image1_1679311407.jpg)
Perroquet;20 000 CFA;Dakar, Sénégal;Autres animaux;background-image:url(https://images.coinafrique.com/thumb_4141464_uploaded_image1_1679320795.jpg)
Hamster doré;Prix sur demande;Patte d'oie, Dakar, Sénégal;Autres animaux;background-image:url(https://images.coinafrique.com/thumb_4169247_uploaded_image1_1680993460.jpg)
Dindes;100 000 CFA;Parcelle Assainies, Dakar, Sénégal;Autres animaux;background-image:url(https://images.coinafrique.com/thumb_4169870_uploaded_image1_1681057188.jpg)
Dindes;100 000 CFA;Parcelle Assainies, Dakar, Sénégal;Autres animaux;background-image:url(https://images.coinafrique.com/thumb_4169875_uploaded_image1_1681057517.jpg)
Dinde;45 000 CFA;Touba, Sénégal;Autres animaux;background-image:url(https://images.coinafrique.com/thumb_4170236_uploaded_image1_1681079402.jpg)
Chaton siamois;240 000 CFA;Sacré-Coeur, Dakar, Sénégal;Autres animaux;background-image:url(https://images.coinafrique.com/thumb_4180282_uploaded_image1_1681738114.jpg)
Couple de perruches;14 900 CFA;Thies, Sénégal;Autres animaux;background-image:url(https://images.coinafrique.com/thumb_4180902_uploaded_image1_1681767382.jpg)
Perroquet;35 000 CFA;Dakar, Sénégal;Autres animaux;background-image:url(https://images.coinafrique.com/thumb_4185842_uploaded_image1_1682102205.jpg)
Perruches;30 000 CFA;Hann Bel-Air, Dakar, Sénégal;Autres animaux;background-image:url(https://images.coinafrique.com/thumb_4194617_uploaded_image1_1682759209.jpg)
Boeuf;600 000 CFA;Bambey, Sénégal;Autres animaux;background-image:url(https://images.coinafrique.com/thumb_4196106_uploaded_image1_1682881461.jpg)
Cailles;7 000 CFA;Touba, Sénégal;Autres animaux;background-image:url(https://images.coinafrique.com/thumb_4208226_uploaded_image1_1683592423.jpg)
Poissons aquarium;15 000 CFA;Dakar Plateau, Dakar, Sénégal;Autres animaux;background-image:url(https://images.coinafrique.com/thumb_4213007_uploaded_image1_1683888858.jpg)
Chaton Siamois Himalayen;275 000 CFA;Fann, Dakar, Sénégal;Autres animaux;background-image:url(https://images.coinafrique.com/thumb_4215680_uploaded_image1_1684074328.jpg)
Poussins bleus hollandais;1 500 CFA;Mbao, Dakar, Sénégal;Autres animaux;background-image:url(https://images.coinafrique.com/thumb_4223952_uploaded_image1_1684611180.jpg)
Paon;400 CFA;Touba, Sénégal;Autres animaux;background-image:url(https://images.coinafrique.com/thumb_4226444_uploaded_image1_1684797786.jpg)
Perruche;30 000 CFA;Point E, Dakar, Sénégal;Autres animaux;background-image:url(https://images.coinafrique.com/thumb_4236158_uploaded_image1_1685471000.jpg)
Paon;Prix sur demande;Yoff, Dakar, Sénégal;Autres animaux;background-image:url(https://images.coinafrique.com/thumb_4250701_uploaded_image1_1686389684.jpg)
Chaton;Prix sur demande;Ouest Foire, Dakar, Sénégal;Autres animaux;background-image:url(https://images.coinafrique.com/thumb_4254477_uploaded_image1_1686653757.jpg)
Poissons aquariums;7 500 CFA;Dakar Plateau, Dakar, Sénégal;Autres animaux;background-image:url(https://images.coinafrique.com/thumb_4258053_uploaded_image1_1686843939.jpg)
Oies;45 000 CFA;Thies, Sénégal;Autres animaux;background-image:url(https://images.coinafrique.com/thumb_4263743_uploaded_image1_1687283716.jpg)
Perruches ondulées;20 000 CFA;Dieuppeul-Derklé, Dakar, Sénégal;Autres animaux;background-image:url(https://images.coinafrique.com/thumb_4268218_uploaded_image1_1687536623.jpg)
Chat persan chinchilla golden shaded;500 000 CFA;Sicap Liberté, Dakar, Sénégal;Autres animaux;background-image:url(https://images.coinafrique.com/thumb_4268857_uploaded_image1_1687596952.jpg)
Chat persan chinchilla blue golden shaded;650 000 CFA;Sicap Liberté, Dakar, Sénégal;Autres animaux;background-image:url(https://images.coinafrique.com/thumb_4268866_uploaded_image1_1687597344.jpg)
Chatons persans chinchilla golden shaded;500 000 CFA;Sicap Liberté, Dakar, Sénégal;Autres animaux;background-image:url(https://images.coinafrique.com/thumb_4268926_uploaded_image1_1687601650.jpg)
Autruche;40 000 CFA;Bambey, Sénégal;Autres animaux;background-image:url(https://images.coinafrique.com/thumb_4274068_uploaded_image1_1688027259.jpg)
Canard;30 000 CFA;Guediawaye, Dakar, Sénégal;Autres animaux;background-image:url(https://images.coinafrique.com/thumb_4251761_uploaded_image1_1686479149.jpg)
Chat tigré;60 000 CFA;Rufisque, Sénégal;Autres animaux;background-image:url(https://images.coinafrique.com/thumb_4290086_uploaded_image1_1689084975.jpg)
Chat tigré;60 000 CFA;Rufisque, Sénégal;Autres animaux;background-image:url(https://images.coinafrique.com/thumb_4290090_uploaded_image1_1689085062.jpg)
Poussins d'autruche;50 000 CFA;Bambey, Sénégal;Autres animaux;background-image:url(https://images.coinafrique.com/thumb_4292496_uploaded_image1_1689236421.jpg)
Cailles de chair;500 CFA;Colobane, Dakar, Sénégal;Autres animaux;background-image:url(https://images.coinafrique.com/thumb_4327166_uploaded_image1_1691508551.jpg)
Perroquets;60 000 CFA;Point E, Dakar, Sénégal;Autres animaux;background-image:url(https://images.coinafrique.com/thumb_4331654_uploaded_image1_1691772808.jpg)
Perruches ondulées;20 000 CFA;Point E, Dakar, Sénégal;Autres animaux;background-image:url(https://images.coinafrique.com/thumb_4331659_uploaded_image1_1691773285.jpg)
Chaton Gimalayen Siamois;250 000 CFA;Fann, Dakar, Sénégal;Autres animaux;background-image:url(https://images.coinafrique.com/thumb_4333502_uploaded_image1_1691932427.jpg)
Taureau;320 000 CFA;Rufisque, Sénégal;Autres animaux;background-image:url(https://images.coinafrique.com/thumb_4335558_uploaded_image1_1692061499.jpg)
Chaton;Prix sur demande;Ouest Foire, Dakar, Sénégal;Autres animaux;background-image:url(https://images.coinafrique.com/thumb_4365267_uploaded_image1_1694000653.jpg)
Bœuf;450 000 CFA;Dakar, Sénégal;Autres animaux;background-image:url(https://images.coinafrique.com/thumb_4379382_uploaded_image1_1694875556.jpg)
Dinde rouge pair;35 000 CFA;Dakar, Sénégal;Autres animaux;background-image:url(https://images.coinafrique.com/thumb_4381112_uploaded_image1_1695035479.jpg)
Chat Persan;650 000 CFA;Point E, Dakar, Sénégal;Autres animaux;background-image:url(https://images.coinafrique.com/thumb_4386249_uploaded_image1_1695340690.jpg)
Chèvre;80 000 CFA;Thies, Sénégal;Autres animaux;background-image:url(https://images.coinafrique.com/thumb_4387674_uploaded_image1_1695430824.jpg)
Veaux;450 000 CFA;Pikine, Sénégal;Autres animaux;background-image:url(https://images.coinafrique.com/thumb_4407653_uploaded_image1_1696730126.jpg)
Pintades;40 000 CFA;Guediawaye, Dakar, Sénégal;Autres animaux;background-image:url(https://images.coinafrique.com/thumb_4408799_uploaded_image1_1696809191.jpg)
Dindes;30 000 CFA;Guediawaye, Dakar, Sénégal;Autres animaux;background-image:url(https://images.coinafrique.com/thumb_4408804_uploaded_image1_1696809535.jpg)
Oies de Toulouse;Prix sur demande;Thies, Sénégal;Autres animaux;background-image:url(https://images.coinafrique.com/thumb_4409000_uploaded_image1_1696840958.jpg)
Perroquet;50 000 CFA;Point E, Dakar, Sénégal;Autres animaux;background-image:url(https://images.coinafrique.com/thumb_4411374_uploaded_image1_1696959883.jpg)
Pintade;7 000 CFA;Keur Massar, Sénégal;Autres animaux;background-image:url(https://images.coinafrique.com/thumb_4412768_uploaded_image1_1697036744.jpg)
Paon;65 000 CFA;Yoff, Dakar, Sénégal;Autres animaux;background-image:url(https://images.coinafrique.com/thumb_4435457_uploaded_image1_1698661056.jpg)
Paon;250 000 CFA;Dakar, Sénégal;Autres animaux;background-image:url(https://images.coinafrique.com/thumb_4451044_uploaded_image1_1699554808.jpg)
Perruche ondulée;7 000 CFA;Thies, Sénégal;Autres animaux;background-image:url(https://images.coinafrique.com/thumb_4452994_uploaded_image1_1699659802.jpg)
Cailles;1 500 CFA;Dakar, Sénégal;Autres animaux;background-image:url(https://images.coinafrique.com/thumb_4454743_uploaded_image1_1699793813.jpg)
Perruches ondulées;15 000 CFA;Dieuppeul-Derklé, Dakar, Sénégal;Autres animaux;background-image:url(https://images.coinafrique.com/thumb_4456156_uploaded_image1_1699884359.jpg)
Perruche Anglaise;40 000 CFA;Dieuppeul-Derklé, Dakar, Sénégal;Autres animaux;background-image:url(https://images.coinafrique.com/thumb_4456172_uploaded_image1_1699885668.jpg)
Cochons;20 000 CFA;Keur Massar, Sénégal;Autres animaux;background-image:url(https://images.coinafrique.com/thumb_4503058_uploaded_image1_1702806558.jpg)
Cochons;20 000 CFA;Keur Massar, Sénégal;Autres animaux;background-image:url(https://images.coinafrique.com/thumb_4503064_uploaded_image1_1702806770.jpg)
Couple dinde;40 000 CFA;Kolda, Sénégal;Autres animaux;background-image:url(https://images.coinafrique.com/thumb_4506000_uploaded_image1_1702997150.jpg)
Poissons aquarium;7 000 CFA;Dakar Plateau, Dakar, Sénégal;Autres animaux;background-image:url(https://images.coinafrique.com/thumb_4534116_uploaded_image2_1704727054.jpeg)
Chaton Persan;400 000 CFA;Dakar, Sénégal;Autres animaux;background-image:url(https://images.coinafrique.com/thumb_4540876_uploaded_image1_1705028116.jpg)
Chaton Scotish Fold;750 000 CFA;Fann, Dakar, Sénégal;Autres animaux;background-image:url(https://images.coinafrique.com/thumb_4540889_uploaded_image1_1705029103.jpg)
Cochons d'inde;20 000 CFA;Keur Massar, Sénégal;Autres animaux;background-image:url(https://images.coinafrique.com/thumb_4555313_uploaded_image1_1705776199.jpg)
Boeuf;600 000 CFA;Mbao, Dakar, Sénégal;Autres animaux;background-image:url(https://images.coinafrique.com/thumb_4568012_uploaded_image1_1706543950.jpg)
Chaton Persan;400 000 CFA;Dakar Plateau, Dakar, Sénégal;Autres animaux;background-image:url(https://images.coinafrique.com/thumb_4569529_uploaded_image1_1706630955.jpg)
Perroquet youyou;10 000 CFA;Dieuppeul-Derklé, Dakar, Sénégal;Autres animaux;background-image:url(https://images.coinafrique.com/thumb_4570755_uploaded_image2_1706701706.jpeg)
Chaton Scottish Fold;750 000 CFA;Dakar Plateau, Dakar, Sénégal;Autres animaux;background-image:url(https://images.coinafrique.com/thumb_4571582_uploaded_image1_1706729320.jpg)
Chaton Persan;400 000 CFA;Dakar Plateau, Dakar, Sénégal;Autres animaux;background-image:url(https://images.coinafrique.com/thumb_4592914_uploaded_image1_1707885493.jpg)
Chaton Siamois Hymalayen;240 000 CFA;Dakar Plateau, Dakar, Sénégal;Autres animaux;background-image:url(https://images.coinafrique.com/thumb_4593854_uploaded_image1_1707927839.jpg)
Chaton;Prix sur demande;Ngor, Dakar, Sénégal;Autres animaux;background-image:url(https://images.coinafrique.com/thumb_4608863_uploaded_image1_1708712110.jpg)
Poussins de canards;3 000 CFA;Guediawaye, Dakar, Sénégal;Autres animaux;background-image:url(https://images.coinafrique.com/thumb_4619825_uploaded_image1_1709296934.jpg)
Chat Persan Chinchilla;400 000 CFA;Dakar Plateau, Dakar, Sénégal;Autres animaux;background-image:url(https://images.coinafrique.com/thumb_4623023_uploaded_image1_1709471973.jpg)
Chat Brittish Shorthair;700 000 CFA;Dakar Plateau, Dakar, Sénégal;Autres animaux;background-image:url(https://images.coinafrique.com/thumb_4629619_uploaded_image1_1709768692.jpg)
Chaton Hymalayen Persan;270 000 CFA;Dakar Plateau, Dakar, Sénégal;Autres animaux;background-image:url(https://images.coinafrique.com/thumb_4639205_uploaded_image1_1710275204.jpg)
Cage avec 3  oiseaux;60 000 CFA;Dakar, Sénégal;Autres animaux;background-image:url(https://images.coinafrique.com/thumb_4640165_uploaded_image1_1710330525.jpg)
Chaton Himalayen;270 000 CFA;Dakar Plateau, Dakar, Sénégal;Autres animaux;background-image:url(https://images.coinafrique.com/thumb_4642742_uploaded_image1_1710476161.jpg)
Chatons;Prix sur demande;Mariste, Dakar, Sénégal;Autres animaux;background-image:url(https://images.coinafrique.com/thumb_4651939_uploaded_image1_1710967508.jpg)
Vache brune;Prix sur demande;Mbour, Sénégal;Autres animaux;background-image:url(https://images.coinafrique.com/thumb_4664799_uploaded_image1_1711657831.jpg)
Paire de perruches ondulées;40 000 CFA;Mamelles, Dakar, Sénégal;Autres animaux;background-image:url(https://images.coinafrique.com/thumb_4679396_uploaded_image1_1712411459.jpg)
Bœufs;Prix sur demande;Parcelle Assainies, Dakar, Sénégal;Autres animaux;background-image:url(https://images.coinafrique.com/thumb_4679890_uploaded_image1_1712437211.jpg)
Chaton;Prix sur demande;Ngor, Dakar, Sénégal;Autres animaux;background-image:url(https://images.coinafrique.com/thumb_4689687_uploaded_image1_1713000926.jpg)
Perruche;20 000 CFA;Mamelles, Dakar, Sénégal;Autres animaux;background-image:url(https://images.coinafrique.com/thumb_4701230_uploaded_image1_1713565518.jpg)
Cailles;Prix sur demande;Touba, Sénégal;Autres animaux;background-image:url(https://images.coinafrique.com/thumb_4701407_uploaded_image1_1713575328.jpg)
Hamster;5 000 CFA;Almadies, Dakar, Sénégal;Autres animaux;background-image:url(https://images.coinafrique.com/thumb_4723216_uploaded_image1_1714726904.jpg)
Chat Siamois;300 000 CFA;Almadies, Dakar, Sénégal;Autres animaux;background-image:url(https://images.coinafrique.com/thumb_4723220_uploaded_image1_1714727016.jpg)
Perroquet inséparable;60 000 CFA;Point E, Dakar, Sénégal;Autres animaux;background-image:url(https://images.coinafrique.com/thumb_4724298_uploaded_image1_1714756962.jpg)
Paon bleu;250 000 CFA;Rufisque, Sénégal;Autres animaux;background-image:url(https://images.coinafrique.com/thumb_4686441_uploaded_image1_1712838619.jpg)
3 chatons;Prix sur demande;Mariste, Dakar, Sénégal;Autres animaux;background-image:url(https://images.coinafrique.com/thumb_4751663_uploaded_image1_1716126912.jpg)
Boeuf;800 000 CFA;Kaolack, Sénégal;Autres animaux;background-image:url(https://images.coinafrique.com/thumb_4752043_uploaded_image1_1716145974.jpg)
Vache  Montbéliard Holstein;Prix sur demande;Pikine, Sénégal;Autres animaux;background-image:url(https://images.coinafrique.com/thumb_4753933_uploaded_image1_1716257630.jpg)
Vache Montbéliard et Holstein;Prix sur demande;Rufisque, Sénégal;Autres animaux;background-image:url(https://images.coinafrique.com/thumb_4753935_uploaded_image1_1716257776.jpg)
Vaches Montbéliarde;Prix sur demande;Pikine, Sénégal;Autres animaux;background-image:url(https://images.coinafrique.com/thumb_4753936_uploaded_image1_1716257870.jpg)
Chaton Scottish;450 000 CFA;Dakar Plateau, Dakar, Sénégal;Autres animaux;background-image:url(https://images.coinafrique.com/thumb_4755374_uploaded_image1_1716328455.jpg)
Vache laitière Montbéliarde;Prix sur demande;Guediawaye, Dakar, Sénégal;Autres animaux;background-image:url(https://images.coinafrique.com/thumb_4765247_uploaded_image1_1716841792.jpg)
Chat persan;400 000 CFA;Dakar Plateau, Dakar, Sénégal;Autres animaux;background-image:url(https://images.coinafrique.com/thumb_4785131_uploaded_image1_1717786702.jpg)
Poussin Cochin disponible;17 500 CFA;Dakar, Sénégal;Autres animaux;background-image:url(https://images.coinafrique.com/thumb_4794466_uploaded_image1_1718301585.jpg)
Cochin Fauve;17 500 CFA;Dakar, Sénégal;Autres animaux;background-image:url(https://images.coinafrique.com/thumb_4794473_uploaded_image1_1718301841.jpg)
Poussin dinde rouge;15 000 CFA;Dakar, Sénégal;Autres animaux;background-image:url(https://images.coinafrique.com/thumb_4794677_uploaded_image1_1718313441.jpg)
Chat scotish;750 000 CFA;Dakar Plateau, Dakar, Sénégal;Autres animaux;background-image:url(https://images.coinafrique.com/thumb_4803206_uploaded_image1_1718912151.jpg)
Paon;140 000 CFA;Yoff, Dakar, Sénégal;Autres animaux;background-image:url(https://images.coinafrique.com/thumb_4804686_uploaded_image1_1718999173.jpg)
Foin;4 600 CFA;Keur Massar, Sénégal;Autres animaux;background-image:url(https://images.coinafrique.com/thumb_4807500_uploaded_image1_1719210823.jpg)
Scottish fold et scottish straight de race pure;700 000 CFA;Dakar Plateau, Dakar, Sénégal;Autres animaux;background-image:url(https://images.coinafrique.com/thumb_4808971_uploaded_image1_1719267956.jpg)
Chatons Persan pure race;430 000 CFA;Dakar Plateau, Dakar, Sénégal;Autres animaux;background-image:url(https://images.coinafrique.com/thumb_4808981_uploaded_image1_1719268557.jpg)
Persan pure race;500 000 CFA;Dakar Plateau, Dakar, Sénégal;Autres animaux;background-image:url(https://images.coinafrique.com/thumb_4818301_uploaded_image1_1719774491.jpg)
Perruches ondulées blanches;20 000 CFA;Dieuppeul-Derklé, Dakar, Sénégal;Autres animaux;background-image:url(https://images.coinafrique.com/thumb_4846024_uploaded_image1_1721146605.jpg)
Perruche ondulée;30 000 CFA;Dieuppeul-Derklé, Dakar, Sénégal;Autres animaux;background-image:url(https://images.coinafrique.com/thumb_4846053_uploaded_image1_1721147434.jpg)
Perruche ondulée;15 000 CFA;Dieuppeul-Derklé, Dakar, Sénégal;Autres animaux;background-image:url(https://images.coinafrique.com/thumb_4846061_uploaded_image1_1721147785.jpg)
Vache montbéliardes;2 000 000 CFA;Pikine, Sénégal;Autres animaux;background-image:url(https://images.coinafrique.com/thumb_4851931_uploaded_image2_1721447498.jpeg)
Bœufs race Goudali;Prix sur demande;Dakar, Sénégal;Autres animaux;background-image:url(https://images.coinafrique.com/thumb_4853741_uploaded_image1_1721569594.jpg)
Siamois;200 000 CFA;Yoff, Dakar, Sénégal;Autres animaux;background-image:url(https://images.coinafrique.com/thumb_4855435_uploaded_image1_1721662817.jpg)
Chaton hiamalayen;200 000 CFA;Dakar Plateau, Dakar, Sénégal;Autres animaux;background-image:url(https://images.coinafrique.com/thumb_4864117_uploaded_image1_1722115248.jpg)
Vache;350 000 CFA;Gassane, Sénégal;Autres animaux;background-image:url(https://images.coinafrique.com/thumb_4864739_uploaded_image1_1722168896.jpg)
vache;Prix sur demande;Niaga, Sénégal;Autres animaux;background-image:url(https://images.coinafrique.com/thumb_4878570_uploaded_image1_1722874635.jpg)
Œufs de caille;3 000 CFA;Thies, Sénégal;Autres animaux;background-image:url(https://images.coinafrique.com/thumb_4880849_uploaded_image1_1722971092.jpg)
Œufs de caille;3 000 CFA;Thies, Sénégal;Autres animaux;background-image:url(https://images.coinafrique.com/thumb_4880858_uploaded_image1_1722971406.jpg)
Autruche;750 000 CFA;Almadies 2, Dakar, Sénégal;Autres animaux;background-image:url(https://images.coinafrique.com/thumb_4885138_uploaded_image1_1723173640.jpg)
Chatons persans chinchillas purs;550 000 CFA;Sicap Liberté, Dakar, Sénégal;Autres animaux;background-image:url(https://images.coinafrique.com/thumb_4888897_uploaded_image1_1723397770.jpg)
Bœufs;Prix sur demande;Niaga, Sénégal;Autres animaux;background-image:url(https://images.coinafrique.com/thumb_4895608_uploaded_image1_1723716978.jpg)
Poisson Aquarium;8 500 CFA;Dakar Plateau, Dakar, Sénégal;Autres animaux;background-image:url(https://images.coinafrique.com/thumb_4898597_uploaded_image1_1723887709.jpg)
Perroquets;50 000 CFA;Point E, Dakar, Sénégal;Autres animaux;background-image:url(https://images.coinafrique.com/thumb_4903200_uploaded_image1_1724163057.jpg)
Dinde rouge Ardenne;Prix sur demande;Guediawaye, Dakar, Sénégal;Autres animaux;background-image:url(https://images.coinafrique.com/thumb_4917420_uploaded_image1_1724966404.jpg)
Poussins de canard;2 500 CFA;Guediawaye, Dakar, Sénégal;Autres animaux;background-image:url(https://images.coinafrique.com/thumb_4917429_uploaded_image1_1724966703.jpg)
Chatons;Prix sur demande;Mariste, Dakar, Sénégal;Autres animaux;background-image:url(https://images.coinafrique.com/thumb_4922546_uploaded_image1_1725269043.jpg)
Chat;350 000 CFA;Grand Dakar, Dakar, Sénégal;Autres animaux;background-image:url(https://images.coinafrique.com/thumb_4928423_uploaded_image1_1725508257.jpg)
Pintade noire;800 000 CFA;Hann Bel-Air, Dakar, Sénégal;Autres animaux;background-image:url(https://images.coinafrique.com/thumb_4942157_uploaded_image1_1726204107.jpg)
Chaton;50 000 CFA;Dakar, Sénégal;Autres animaux;background-image:url(https://images.coinafrique.com/thumb_4956743_uploaded_image1_1727042864.jpg)
Cailles de chair;2 500 CFA;Thies, Sénégal;Autres animaux;background-image:url(https://images.coinafrique.com/thumb_4957482_uploaded_image1_1727090624.jpg)
Œufs de caille;4 500 CFA;Mbour, Sénégal;Autres animaux;background-image:url(https://images.coinafrique.com/thumb_4962446_uploaded_image1_1727306903.jpg)
Perroquet;399 000 CFA;Sicap Liberté, Dakar, Sénégal;Autres animaux;background-image:url(https://images.coinafrique.com/thumb_4967605_uploaded_image1_1727643698.jpg)
Bleus;Prix sur demande;Sicap Liberté, Dakar, Sénégal;Autres animaux;background-image:url(https://images.coinafrique.com/thumb_4974963_uploaded_image1_1727962840.jpg)
Tortue;35 000 CFA;Hann Bel-Air, Dakar, Sénégal;Autres animaux;background-image:url(https://images.coinafrique.com/thumb_4976748_uploaded_image1_1728036550.jpg)
Boeuf;Prix sur demande;Thies, Sénégal;Autres animaux;background-image:url(https://images.coinafrique.com/thumb_4995019_uploaded_image1_1729000242.jpg)
Bœuf;700 000 CFA;Keur Massar, Sénégal;Autres animaux;background-image:url(https://images.coinafrique.com/thumb_4996496_uploaded_image1_1729075617.jpg)
Chat Siamois;170 000 CFA;Point E, Dakar, Sénégal;Autres animaux;background-image:url(https://images.coinafrique.com/thumb_4997392_uploaded_image2_1729102102.jpeg)
Couple dinde;Prix sur demande;Guediawaye, Dakar, Sénégal;Autres animaux;background-image:url(https://images.coinafrique.com/thumb_5001804_uploaded_image1_1729346440.jpg)
Caille;1 500 CFA;Guediawaye, Dakar, Sénégal;Autres animaux;background-image:url(https://images.coinafrique.com/thumb_5001807_uploaded_image1_1729346954.jpg)
Chaton de 1 mois;20 000 CFA;Mariste, Dakar, Sénégal;Autres animaux;background-image:url(https://images.coinafrique.com/thumb_5017864_uploaded_image1_1730286261.jpg)
Bœuf;300 000 CFA;Biscuiterie, Dakar, Sénégal;Autres animaux;background-image:url(https://images.coinafrique.com/thumb_5022926_uploaded_image1_1730540052.jpg)
Dindes;25 000 CFA;Almadies 2, Dakar, Sénégal;Autres animaux;background-image:url(https://images.coinafrique.com/thumb_5035473_uploaded_image1_1731162862.jpg)
British et scottish pure race;650 000 CFA;Dakar Plateau, Dakar, Sénégal;Autres animaux;background-image:url(https://images.coinafrique.com/thumb_5041101_uploaded_image1_1731465886.jpg)
persan pure race;400 000 CFA;Dakar Plateau, Dakar, Sénégal;Autres animaux;background-image:url(https://images.coinafrique.com/thumb_5041103_uploaded_image1_1731467091.jpg)
Himalayen;265 000 CFA;Dakar Plateau, Dakar, Sénégal;Autres animaux;background-image:url(https://images.coinafrique.com/thumb_5041105_uploaded_image1_1731466674.jpg)
Mondain;140 000 CFA;Guediawaye, Dakar, Sénégal;Autres animaux;background-image:url(https://images.coinafrique.com/thumb_5041931_uploaded_image1_1731508632.jpg)
Bœufs;800 000 CFA;Keur Massar, Sénégal;Autres animaux;background-image:url(https://images.coinafrique.com/thumb_5042261_uploaded_image1_1731516188.jpg)
Chat Persan;400 000 CFA;Dakar Plateau, Dakar, Sénégal;Autres animaux;background-image:url(https://images.coinafrique.com/thumb_5050095_uploaded_image1_1731948012.jpg)
Bœuf;800 000 CFA;Mbao, Dakar, Sénégal;Autres animaux;background-image:url(https://images.coinafrique.com/thumb_5054268_uploaded_image1_1732160128.jpg)
Bœuf;800 000 CFA;Mbao, Dakar, Sénégal;Autres animaux;background-image:url(https://images.coinafrique.com/thumb_5054269_uploaded_image1_1732160455.jpg)
Tortues terrestres;35 000 CFA;Ouest Foire, Dakar, Sénégal;Autres animaux;background-image:url(https://images.coinafrique.com/thumb_5066823_uploaded_image1_1732865161.jpg)
Poissons Aquarium;8 500 CFA;Dakar, Sénégal;Autres animaux;background-image:url(https://images.coinafrique.com/thumb_5068623_uploaded_image1_1732965550.jpg)
Chaton Siamois;235 000 CFA;Dakar Plateau, Dakar, Sénégal;Autres animaux;background-image:url(https://images.coinafrique.com/thumb_5092278_uploaded_image1_1734215302.jpg)
Chaton;Prix sur demande;Dakar Plateau, Dakar, Sénégal;Autres animaux;background-image:url(https://images.coinafrique.com/thumb_5096028_uploaded_image2_1734447537.jpeg)
Perruches ondulées;20 000 CFA;Point E, Dakar, Sénégal;Autres animaux;background-image:url(https://images.coinafrique.com/thumb_5103176_uploaded_image1_1734884464.jpg)
Perroquets;15 000 CFA;Thies, Sénégal;Autres animaux;background-image:url(https://images.coinafrique.com/thumb_5125396_uploaded_image1_1736351628.jpg)
Perroquet perruches ondulées;20 000 CFA;Point E, Dakar, Sénégal;Autres animaux;background-image:url(https://images.coinafrique.com/thumb_5138284_uploaded_image1_1737038687.jpg)
Boeuf;Prix sur demande;Niaga, Sénégal;Autres animaux;background-image:url(https://images.coinafrique.com/thumb_5179428_uploaded_image1_1739207935.jpg)
Caille;15 000 CFA;Keur Massar, Sénégal;Autres animaux;background-image:url(https://images.coinafrique.com/thumb_5182728_uploaded_image1_1739380241.jpg)
Canards mâles et femelles;Prix sur demande;Thies, Sénégal;Autres animaux;background-image:url(https://images.coinafrique.com/thumb_5185900_uploaded_image1_1739544627.jpg)
Hamster;15 000 CFA;Almadies 2, Dakar, Sénégal;Autres animaux;background-image:url(https://images.coinafrique.com/thumb_5189132_uploaded_image1_1739782582.jpg)
Boeuf;550 CFA;Niaga, Sénégal;Autres animaux;background-image:url(https://images.coinafrique.com/thumb_5205943_uploaded_image1_1740671058.jpg)
Chaton Angora;210 000 CFA;Sacré-Coeur, Dakar, Sénégal;Autres animaux;background-image:url(https://images.coinafrique.com/thumb_5213818_uploaded_image1_1741086286.jpg)
Perroquet;60 000 CFA;Point E, Dakar, Sénégal;Autres animaux;background-image:url(https://images.coinafrique.com/thumb_5214349_uploaded_image1_1741104524.jpg)
Boeuf;Prix sur demande;Niaga, Sénégal;Autres animaux;background-image:url(https://images.coinafrique.com/thumb_5231174_uploaded_image1_1741913580.jpg)
Chatons Siamois;150 000 CFA;Ngor, Dakar, Sénégal;Autres animaux;background-image:url(https://images.coinafrique.com/thumb_5275205_uploaded_image1_1744282516.jpg)
Chaton;375 000 CFA;Fann, Dakar, Sénégal;Autres animaux;background-image:url(https://images.coinafrique.com/thumb_5278827_uploaded_image1_1744477884.jpg)
Couple pintades adultes;35 000 CFA;Sicap foire, Dakar, Sénégal;Autres animaux;background-image:url(https://images.coinafrique.com/thumb_5295025_uploaded_image1_1745431940.jpg)
Chat Persan;450 000 CFA;Point E, Dakar, Sénégal;Autres animaux;background-image:url(https://images.coinafrique.com/thumb_5297087_uploaded_image1_1745527617.jpg)
Cheval;Prix sur demande;Ouakam, Dakar, Sénégal;Autres animaux;background-image:url(https://images.coinafrique.com/thumb_5300026_uploaded_image1_1745701177.jpg)
Canards;7 000 CFA;Hann Bel-Air, Dakar, Sénégal;Autres animaux;background-image:url(https://images.coinafrique.com/thumb_5300877_uploaded_image1_1745779858.jpg)
Vaches;325 CFA;Bambey, Sénégal;Autres animaux;background-image:url(https://images.coinafrique.com/thumb_5308237_uploaded_image1_1746189283.jpg)
Chèvre race ndama;350 000 CFA;Rufisque, Sénégal;Autres animaux;background-image:url(https://images.coinafrique.com/thumb_5315130_uploaded_image1_1746566615.jpg)
Boeuf;350 000 CFA;Bambey, Sénégal;Autres animaux;background-image:url(https://images.coinafrique.com/thumb_5317378_uploaded_image1_1746698849.jpg)
Cailles;Prix sur demande;Thies, Sénégal;Autres animaux;background-image:url(https://images.coinafrique.com/thumb_5321576_uploaded_image1_1746893786.jpg)
Perroquet Rose Gorge;50 000 CFA;Point E, Dakar, Sénégal;Autres animaux;background-image:url(https://images.coinafrique.com/thumb_5329928_uploaded_image1_1747330648.jpg)
Chatons;200 000 CFA;Dakar Plateau, Dakar, Sénégal;Autres animaux;background-image:url(https://images.coinafrique.com/thumb_5330509_uploaded_image1_1747360436.jpg)
Chaton Angora turc;Prix sur demande;Point E, Dakar, Sénégal;Autres animaux;background-image:url(https://images.coinafrique.com/thumb_5341379_uploaded_image1_1747965234.jpg)
Chaton;350 000 CFA;Dakar Plateau, Dakar, Sénégal;Autres animaux;background-image:url(https://images.coinafrique.com/thumb_5344588_uploaded_image1_1748177635.jpg)
Bouc;80 000 CFA;Keur Massar, Sénégal;Autres animaux;background-image:url(https://images.coinafrique.com/thumb_5350345_uploaded_image1_1748476176.jpg)
Dinde;30 000 CFA;Thies, Sénégal;Autres animaux;background-image:url(https://images.coinafrique.com/thumb_5350940_uploaded_image1_1748524952.jpg)
Veau;6 500 000 CFA;Sicap Liberté, Dakar, Sénégal;Autres animaux;background-image:url(https://images.coinafrique.com/thumb_5363603_uploaded_image1_1749256640.jpg)
Poisson Aquarium;7 500 CFA;Dakar, Sénégal;Autres animaux;background-image:url(https://images.coinafrique.com/thumb_5370855_uploaded_image1_1749722665.jpg)
Dindons et dindes;Prix sur demande;Thies, Sénégal;Autres animaux;background-image:url(https://images.coinafrique.com/thumb_5374129_uploaded_image1_1749898688.jpg)
Bœuf;625 CFA;Dakar, Sénégal;Autres animaux;background-image:url(https://images.coinafrique.com/thumb_5401469_uploaded_image1_1751406897.jpg)
Taureaux;950 000 CFA;Bambey, Sénégal;Autres animaux;background-image:url(https://images.coinafrique.com/thumb_5419672_uploaded_image1_1752312673.jpg)
Hamster;15 000 CFA;Dakar, Sénégal;Autres animaux;background-image:url(https://images.coinafrique.com/thumb_5422322_uploaded_image1_1752487140.jpg)
Tortue terrestre sulcata;Prix sur demande;Dakar, Sénégal;Autres animaux;background-image:url(https://images.coinafrique.com/thumb_5422356_uploaded_image1_1752488553.jpg)
Chatons;200 000 CFA;Dakar Plateau, Dakar, Sénégal;Autres animaux;background-image:url(https://images.coinafrique.com/thumb_5426216_uploaded_image1_1752670435.jpg)
Taureau;Prix sur demande;Bambey, Sénégal;Autres animaux;background-image:url(https://images.coinafrique.com/thumb_5427578_uploaded_image1_1752742760.jpg)
Chat Siamois;250 000 CFA;HLM, Dakar, Sénégal;Autres animaux;background-image:url(https://images.coinafrique.com/thumb_5435961_uploaded_image1_1753216346.jpg)
Bœuf;650 CFA;Bambey, Sénégal;Autres animaux;background-image:url(https://images.coinafrique.com/thumb_5437295_uploaded_image1_1753284704.jpg)
Poulet et dinde;Prix sur demande;Thies, Sénégal;Autres animaux;background-image:url(https://images.coinafrique.com/thumb_5441026_uploaded_image1_1753445528.jpg)
Bœufs;650 CFA;Bambey, Sénégal;Autres animaux;background-image:url(https://images.coinafrique.com/thumb_5452005_uploaded_image1_1753984088.jpg)
Bœufs;550 CFA;Bambey, Sénégal;Autres animaux;background-image:url(https://images.coinafrique.com/thumb_5452011_uploaded_image1_1753984227.jpg)
Bœuf;Prix sur demande;Niaga, Sénégal;Autres animaux;background-image:url(https://images.coinafrique.com/thumb_5454263_uploaded_image1_1754080085.jpg)
Perroquets;60 000 CFA;Point E, Dakar, Sénégal;Autres animaux;background-image:url(https://images.coinafrique.com/thumb_5462432_uploaded_image1_1754495711.jpg)
Chaton persan;400 000 CFA;Dakar Plateau, Dakar, Sénégal;Autres animaux;background-image:url(https://images.coinafrique.com/thumb_5473339_uploaded_image1_1755076399.jpg)
Chaton Scottish;750 000 CFA;Dakar Plateau, Dakar, Sénégal;Autres animaux;background-image:url(https://images.coinafrique.com/thumb_5473342_uploaded_image1_1755076567.jpg)
Vache;850 000 CFA;Rufisque, Sénégal;Autres animaux;background-image:url(https://images.coinafrique.com/thumb_5479568_uploaded_image1_1755445038.jpg)
Boeuf;Prix sur demande;Niaga, Sénégal;Autres animaux;background-image:url(https://images.coinafrique.com/thumb_5480832_uploaded_image1_1755523426.jpg)
Boeuf;Prix sur demande;Niaga, Sénégal;Autres animaux;background-image:url(https://images.coinafrique.com/thumb_5480837_uploaded_image1_1755523512.jpg)
Chaton Ragdoll;950 000 CFA;Dakar Plateau, Dakar, Sénégal;Autres animaux;background-image:url(https://images.coinafrique.com/thumb_5482181_uploaded_image1_1755602298.jpg)
Chat siamois;Prix sur demande;Almadies, Dakar, Sénégal;Autres animaux;background-image:url(https://images.coinafrique.com/thumb_5485800_uploaded_image1_1755771580.jpg)
Lapin nain;Prix sur demande;Dieuppeul-Derklé, Dakar, Sénégal;Autres animaux;background-image:url(https://images.coinafrique.com/thumb_5493761_uploaded_image1_1756214626.jpg)
Oie;40 000 CFA;Dakar, Sénégal;Autres animaux;background-image:url(https://images.coinafrique.com/thumb_5499869_uploaded_image1_1756556464.jpg)
Chaton;35 000 CFA;Mariste, Dakar, Sénégal;Autres animaux;background-image:url(https://images.coinafrique.com/thumb_5504764_uploaded_image1_1756819478.jpg)
Paon;Prix sur demande;Thies, Sénégal;Autres animaux;background-image:url(https://images.coinafrique.com/thumb_5506967_uploaded_image2_1756912377.jpeg)
Chat  siamois;Prix sur demande;Almadies, Dakar, Sénégal;Autres animaux;background-image:url(https://images.coinafrique.com/thumb_5512930_uploaded_image1_1757238545.jpg)
Chats;Prix sur demande;Almadies, Dakar, Sénégal;Autres animaux;background-image:url(https://images.coinafrique.com/thumb_5512934_uploaded_image1_1757238653.jpg)
Cailles et œufs de caille;3 000 CFA;Guediawaye, Dakar, Sénégal;Autres animaux;background-image:url(https://images.coinafrique.com/thumb_5514762_uploaded_image2_1757337112.jpeg)
Oies toulouse;Prix sur demande;Fass, Dakar, Sénégal;Autres animaux;background-image:url(https://images.coinafrique.com/thumb_5520138_uploaded_image1_1757590578.jpg)
Chaton Chartreux;100 000 CFA;Ouest Foire, Dakar, Sénégal;Autres animaux;background-image:url(https://images.coinafrique.com/thumb_5523792_uploaded_image1_1757773181.jpg)
Calopsite élégante;75 000 CFA;Point E, Dakar, Sénégal;Autres animaux;background-image:url(https://images.coinafrique.com/thumb_5530646_uploaded_image1_1758128661.jpg)
Angora turc-chat;Prix sur demande;Sicap Liberté, Dakar, Sénégal;Autres animaux;background-image:url(https://images.coinafrique.com/thumb_5536029_uploaded_image1_1758435597.jpg)
Taureau métis;2 500 000 CFA;Fatick, Sénégal;Autres animaux;background-image:url(https://images.coinafrique.com/thumb_5538746_uploaded_image1_1758579115.jpg)
Taureau métis d'insémination;2 500 000 CFA;Fatick, Sénégal;Autres animaux;background-image:url(https://images.coinafrique.com/thumb_5543760_uploaded_image1_1758829182.jpg)
Chat Persan chinchilla;170 000 CFA;Sicap Liberté, Dakar, Sénégal;Autres animaux;background-image:url(https://images.coinafrique.com/thumb_5543922_uploaded_image1_1758835732.jpg)
Grand Bouc Hijazi;1 200 CFA;Saint Louis, Sénégal;Autres animaux;background-image:url(https://images.coinafrique.com/thumb_5547149_uploaded_image1_1759064910.jpg)
Pintades;Prix sur demande;Thies, Sénégal;Autres animaux;background-image:url(https://images.coinafrique.com/thumb_5547215_uploaded_image1_1759069446.jpg)
Perroquets perruches ondulées;25 000 CFA;Point E, Dakar, Sénégal;Autres animaux;background-image:url(https://images.coinafrique.com/thumb_5560070_uploaded_image1_1759698099.jpg)
Œuf à couver;Prix sur demande;Sicap foire, Dakar, Sénégal;Autres animaux;background-image:url(https://images.coinafrique.com/thumb_5570463_uploaded_image1_1760280696.jpg)
Bœufs;Prix sur demande;Pikine, Sénégal;Autres animaux;background-image:url(https://images.coinafrique.com/thumb_5577776_uploaded_image1_1760656718.jpg)
Vache;350 000 CFA;Patte d'oie, Dakar, Sénégal;Autres animaux;background-image:url(https://images.coinafrique.com/thumb_5587581_uploaded_image1_1761220550.jpg)
Bœuf;725 CFA;Bambey, Sénégal;Autres animaux;background-image:url(https://images.coinafrique.com/thumb_5632012_uploaded_image1_1763646301.jpg)
Bœuf;650 CFA;Bambey, Sénégal;Autres animaux;background-image:url(https://images.coinafrique.com/thumb_5632019_uploaded_image1_1763646437.jpg)
Taureau;2 500 000 CFA;Fatick, Sénégal;Autres animaux;background-image:url(https://images.coinafrique.com/thumb_5634272_uploaded_image1_1763756384.jpg)
Perroquets rose gorge;40 000 CFA;Point E, Dakar, Sénégal;Autres animaux;background-image:url(https://images.coinafrique.com/thumb_5668046_uploaded_image1_1765474059.jpg)
Chaton Persan;650 000 CFA;Point E, Dakar, Sénégal;Autres animaux;background-image:url(https://images.coinafrique.com/thumb_5673747_uploaded_image1_1765818767.jpg)
